complexity,loss,equation,score,sympy_format,lambda_format
1,36.864902,x64,0.0,x64,PySRFunction(X=>x64)
2,36.37433,sqrt(x28),0.013396627012019883,sqrt(x28),PySRFunction(X=>sqrt(x28))
3,29.91062,x28 - x60,0.19564970479779067,x28 - x60,PySRFunction(X=>x28 - x60)
5,28.932129,(x64 - x60) + x28,0.016630446786166046,x28 - x60 + x64,PySRFunction(X=>x28 - x60 + x64)
6,28.188152,(sqrt(x26) + x28) - x61,0.026050959892128363,sqrt(x26) + x28 - x61,PySRFunction(X=>sqrt(x26) + x28 - x61)
7,27.418917,(sqrt(x28) - sqrt(x60)) * 2.6935432,0.027668571179354715,2.6935432*sqrt(x28) - 2.6935432*sqrt(x60),PySRFunction(X=>2.6935432*sqrt(x28) - 2.6935432*sqrt(x60))
8,26.530264,x28 + ((x64 - sqrt(x61)) * x3),0.0329470575374216,x28 + x3*(-sqrt(x61) + x64),PySRFunction(X=>x28 + x3*(-sqrt(x61) + x64))
9,25.315495,((x64 + sqrt(x28)) - sqrt(x61)) * 2.487342,0.04686946024397037,2.487342*sqrt(x28) - 2.487342*sqrt(x61) + 2.487342*x64,PySRFunction(X=>2.487342*sqrt(x28) - 2.487342*sqrt(x61) + 2.487342*x64)
11,24.935038,((x64 + sqrt(x28)) - sqrt(x61 - -0.16560216)) * 2.748954,0.007571347947904844,2.748954*sqrt(x28) + 2.748954*x64 - 2.748954*sqrt(x61 + 0.16560216),PySRFunction(X=>2.748954*sqrt(x28) + 2.748954*x64 - 2.748954*sqrt(x61 + 0.16560216))
12,24.355217,(((x64 + sqrt(x28)) - sqrt(x60)) * 3.001486) - sqrt(x59),0.023527885865644298,3.001486*sqrt(x28) - sqrt(x59) - 3.001486*sqrt(x60) + 3.001486*x64,PySRFunction(X=>3.001486*sqrt(x28) - sqrt(x59) - 3.001486*sqrt(x60) + 3.001486*x64)
13,23.327246,((sqrt(x28) + (x64 - sqrt(sqrt(x61)))) * 3.120937) - sqrt(x59),0.04312404346321664,3.120937*sqrt(x28) - sqrt(x59) - 3.120937*x61**(1/4) + 3.120937*x64,PySRFunction(X=>3.120937*sqrt(x28) - sqrt(x59) - 3.120937*x61**(1/4) + 3.120937*x64)
15,21.93623,((((x64 + sqrt(x28)) - sqrt(x61)) * 2.585651) + sqrt(x26)) - sqrt(x59),0.030741212908982095,sqrt(x26) + 2.585651*sqrt(x28) - sqrt(x59) - 2.585651*sqrt(x61) + 2.585651*x64,PySRFunction(X=>sqrt(x26) + 2.585651*sqrt(x28) - sqrt(x59) - 2.585651*sqrt(x61) + 2.585651*x64)
16,21.909323,sqrt(x26) - ((0.39168897 * x59) + (((x64 + sqrt(x28)) - sqrt(x61)) * -2.586687)),0.00122735381523035,sqrt(x26) + 2.586687*sqrt(x28) - 0.39168897*x59 - 2.586687*sqrt(x61) + 2.586687*x64,PySRFunction(X=>sqrt(x26) + 2.586687*sqrt(x28) - 0.39168897*x59 - 2.586687*sqrt(x61) + 2.586687*x64)
17,21.66399,((sqrt(x26) - sqrt(x59)) + (((x64 + sqrt(x28)) - sqrt(x61)) * 1.9134195)) / 0.73015153,0.011260818862686492,1.36957872292618*sqrt(x26) + 2.62057863523206*sqrt(x28) - 1.36957872292618*sqrt(x59) - 2.62057863523206*sqrt(x61) + 2.62057863523206*x64,PySRFunction(X=>1.36957872292618*sqrt(x26) + 2.62057863523206*sqrt(x28) - 1.36957872292618*sqrt(x59) - 2.62057863523206*sqrt(x61) + 2.62057863523206*x64)
18,21.055197,sqrt(x26) - ((((sqrt(x28) + x64) - sqrt(x61)) + ((x59 - x19) * -0.18573344)) * -2.7499788),0.02850401711696513,0.510763022451072*x19 + sqrt(x26) + 2.7499788*sqrt(x28) - 0.510763022451072*x59 - 2.7499788*sqrt(x61) + 2.7499788*x64,PySRFunction(X=>0.510763022451072*x19 + sqrt(x26) + 2.7499788*sqrt(x28) - 0.510763022451072*x59 - 2.7499788*sqrt(x61) + 2.7499788*x64)
19,20.76761,(((x64 + (sqrt(x28) - sqrt(x61))) * 2.585651) + sqrt(x22)) - ((x59 * 0.57702523) - sqrt(x26)),0.013752856562766461,sqrt(x22) + sqrt(x26) + 2.585651*sqrt(x28) - 0.57702523*x59 - 2.585651*sqrt(x61) + 2.585651*x64,PySRFunction(X=>sqrt(x22) + sqrt(x26) + 2.585651*sqrt(x28) - 0.57702523*x59 - 2.585651*sqrt(x61) + 2.585651*x64)
20,20.261532,sqrt(x26) - ((((x64 + sqrt(x28)) - sqrt(x61)) * -2.5182333) + ((x55 + (x59 - x22)) * 0.31667113)),0.02467044851376597,0.31667113*x22 + sqrt(x26) + 2.5182333*sqrt(x28) - 0.31667113*x55 - 0.31667113*x59 - 2.5182333*sqrt(x61) + 2.5182333*x64,PySRFunction(X=>0.31667113*x22 + sqrt(x26) + 2.5182333*sqrt(x28) - 0.31667113*x55 - 0.31667113*x59 - 2.5182333*sqrt(x61) + 2.5182333*x64)
21,19.85282,(((sqrt(x28) + (x64 - sqrt(x61))) * 2.560934) + sqrt(x22)) - (sqrt(x54) + (sqrt(x59) - sqrt(x26))),0.020378050406949993,sqrt(x22) + sqrt(x26) + 2.560934*sqrt(x28) - sqrt(x54) - sqrt(x59) - 2.560934*sqrt(x61) + 2.560934*x64,PySRFunction(X=>sqrt(x22) + sqrt(x26) + 2.560934*sqrt(x28) - sqrt(x54) - sqrt(x59) - 2.560934*sqrt(x61) + 2.560934*x64)
22,19.272203,sqrt(x26) - ((0.39168897 * ((x59 + (x55 - x22)) - x19)) + ((x64 + (sqrt(x28) - sqrt(x61))) * -2.586687)),0.029682263860587508,0.39168897*x19 + 0.39168897*x22 + sqrt(x26) + 2.586687*sqrt(x28) - 0.39168897*x55 - 0.39168897*x59 - 2.586687*sqrt(x61) + 2.586687*x64,PySRFunction(X=>0.39168897*x19 + 0.39168897*x22 + sqrt(x26) + 2.586687*sqrt(x28) - 0.39168897*x55 - 0.39168897*x59 - 2.586687*sqrt(x61) + 2.586687*x64)
23,19.029188,sqrt(x22) - ((((sqrt(x28) + x64) - sqrt(x61)) * -2.6567621) + ((0.44818088 * ((x55 + x59) - x18)) - sqrt(x26))),0.012689787745018177,0.44818088*x18 + sqrt(x22) + sqrt(x26) + 2.6567621*sqrt(x28) - 0.44818088*x55 - 0.44818088*x59 - 2.6567621*sqrt(x61) + 2.6567621*x64,PySRFunction(X=>0.44818088*x18 + sqrt(x22) + sqrt(x26) + 2.6567621*sqrt(x28) - 0.44818088*x55 - 0.44818088*x59 - 2.6567621*sqrt(x61) + 2.6567621*x64)
24,18.605005,sqrt(x22) - (((x64 + (sqrt(x28) - sqrt(x61))) * -2.6567621) + ((((x59 + x55) * 0.44818088) - sqrt(x18)) - sqrt(x26))),0.022543380384920823,sqrt(x18) + sqrt(x22) + sqrt(x26) + 2.6567621*sqrt(x28) - 0.44818088*x55 - 0.44818088*x59 - 2.6567621*sqrt(x61) + 2.6567621*x64,PySRFunction(X=>sqrt(x18) + sqrt(x22) + sqrt(x26) + 2.6567621*sqrt(x28) - 0.44818088*x55 - 0.44818088*x59 - 2.6567621*sqrt(x61) + 2.6567621*x64)
25,18.408283,sqrt(x22) - (((((sqrt(x28) - sqrt(x61)) + x64) * -2.6392636) + ((x51 + ((x59 + x55) - x18)) * 0.3016552)) - sqrt(x26)),0.01062990417807755,0.3016552*x18 + sqrt(x22) + sqrt(x26) + 2.6392636*sqrt(x28) - 0.3016552*x51 - 0.3016552*x55 - 0.3016552*x59 - 2.6392636*sqrt(x61) + 2.6392636*x64,PySRFunction(X=>0.3016552*x18 + sqrt(x22) + sqrt(x26) + 2.6392636*sqrt(x28) - 0.3016552*x51 - 0.3016552*x55 - 0.3016552*x59 - 2.6392636*sqrt(x61) + 2.6392636*x64)
26,18.055428,sqrt(x22) - ((((x55 + (x51 + x59)) * 0.3274344) + (((x64 + (sqrt(x28) - sqrt(x61))) * -2.6422021) - sqrt(x18))) - sqrt(x26)),0.019354366572199525,sqrt(x18) + sqrt(x22) + sqrt(x26) + 2.6422021*sqrt(x28) - 0.3274344*x51 - 0.3274344*x55 - 0.3274344*x59 - 2.6422021*sqrt(x61) + 2.6422021*x64,PySRFunction(X=>sqrt(x18) + sqrt(x22) + sqrt(x26) + 2.6422021*sqrt(x28) - 0.3274344*x51 - 0.3274344*x55 - 0.3274344*x59 - 2.6422021*sqrt(x61) + 2.6422021*x64)
27,17.94488,sqrt(x22) - (((sqrt(x59) + (((x55 + x51) * 0.29083186) - sqrt(x18))) - sqrt(x26)) + (((sqrt(x28) + x64) - sqrt(x61)) * -2.592701)),0.006141522315492328,sqrt(x18) + sqrt(x22) + sqrt(x26) + 2.592701*sqrt(x28) - 0.29083186*x51 - 0.29083186*x55 - sqrt(x59) - 2.592701*sqrt(x61) + 2.592701*x64,PySRFunction(X=>sqrt(x18) + sqrt(x22) + sqrt(x26) + 2.592701*sqrt(x28) - 0.29083186*x51 - 0.29083186*x55 - sqrt(x59) - 2.592701*sqrt(x61) + 2.592701*x64)
28,17.757156,sqrt(x22) - ((((((x64 + sqrt(x28)) - sqrt(x61)) * -2.687769) + (((x51 + (x55 + x59)) * 0.34591305) - x65)) - sqrt(x18)) - sqrt(x26)),0.010516247871852236,sqrt(x18) + sqrt(x22) + sqrt(x26) + 2.687769*sqrt(x28) - 0.34591305*x51 - 0.34591305*x55 - 0.34591305*x59 - 2.687769*sqrt(x61) + 2.687769*x64 + x65,PySRFunction(X=>sqrt(x18) + sqrt(x22) + sqrt(x26) + 2.687769*sqrt(x28) - 0.34591305*x51 - 0.34591305*x55 - 0.34591305*x59 - 2.687769*sqrt(x61) + 2.687769*x64 + x65)
29,17.695805,sqrt(x22) - ((((((sqrt(x28) + x64) - sqrt(x61)) * -2.7309813) + ((sqrt(x59) + ((x51 + x55) * 0.33470145)) - x65)) - sqrt(x18)) - sqrt(x26)),0.003460983766100555,sqrt(x18) + sqrt(x22) + sqrt(x26) + 2.7309813*sqrt(x28) - 0.33470145*x51 - 0.33470145*x55 - sqrt(x59) - 2.7309813*sqrt(x61) + 2.7309813*x64 + x65,PySRFunction(X=>sqrt(x18) + sqrt(x22) + sqrt(x26) + 2.7309813*sqrt(x28) - 0.33470145*x51 - 0.33470145*x55 - sqrt(x59) - 2.7309813*sqrt(x61) + 2.7309813*x64 + x65)
30,17.651371,sqrt(x22) - (((((x55 + x51) + x59) * 0.37156352) - x65) + (((((x64 - sqrt(x61)) + sqrt(x28)) * -2.727338) - sqrt(x18)) - sqrt(x26 * 1.5710993))),0.0025141484233644545,sqrt(x18) + sqrt(x22) + 1.25343500030915*sqrt(x26) + 2.727338*sqrt(x28) - 0.37156352*x51 - 0.37156352*x55 - 0.37156352*x59 - 2.727338*sqrt(x61) + 2.727338*x64 + x65,PySRFunction(X=>sqrt(x18) + sqrt(x22) + 1.25343500030915*sqrt(x26) + 2.727338*sqrt(x28) - 0.37156352*x51 - 0.37156352*x55 - 0.37156352*x59 - 2.727338*sqrt(x61) + 2.727338*x64 + x65)
31,17.541729,(sqrt(x22) - ((((sqrt(x28) + x64) - sqrt(x61)) * -2.7643304) + ((((sqrt(x59) + ((x51 + x55) * 0.29039395)) - x65) - sqrt(x18)) - sqrt(x26)))) + -0.6663812,0.00623090064412117,sqrt(x18) + sqrt(x22) + sqrt(x26) + 2.7643304*sqrt(x28) - 0.29039395*x51 - 0.29039395*x55 - sqrt(x59) - 2.7643304*sqrt(x61) + 2.7643304*x64 + x65 - 0.6663812,PySRFunction(X=>sqrt(x18) + sqrt(x22) + sqrt(x26) + 2.7643304*sqrt(x28) - 0.29039395*x51 - 0.29039395*x55 - sqrt(x59) - 2.7643304*sqrt(x61) + 2.7643304*x64 + x65 - 0.6663812)
32,17.076416,(-2.7858021 - (((((x64 + sqrt(x28)) - sqrt(sqrt(x61))) * -3.3357894) + (((((x51 + x59) + x55) * 0.3885752) - sqrt(x20)) - sqrt(x18))) - sqrt(x26))) + sqrt(x22),0.02688422649612043,sqrt(x18) + sqrt(x20) + sqrt(x22) + sqrt(x26) + 3.3357894*sqrt(x28) - 0.3885752*x51 - 0.3885752*x55 - 0.3885752*x59 - 3.3357894*x61**(1/4) + 3.3357894*x64 - 2.7858021,PySRFunction(X=>sqrt(x18) + sqrt(x20) + sqrt(x22) + sqrt(x26) + 3.3357894*sqrt(x28) - 0.3885752*x51 - 0.3885752*x55 - 0.3885752*x59 - 3.3357894*x61**(1/4) + 3.3357894*x64 - 2.7858021)
33,16.92322,sqrt(x22) + (-2.7858021 - ((((sqrt(x28) + (x64 - sqrt(sqrt(x61)))) * -3.3357894) + (((((x59 + x55) * 0.4161737) + sqrt(x51)) - sqrt(x20)) - sqrt(x18))) - sqrt(x26))),0.009011686875642523,sqrt(x18) + sqrt(x20) + sqrt(x22) + sqrt(x26) + 3.3357894*sqrt(x28) - sqrt(x51) - 0.4161737*x55 - 0.4161737*x59 - 3.3357894*x61**(1/4) + 3.3357894*x64 - 2.7858021,PySRFunction(X=>sqrt(x18) + sqrt(x20) + sqrt(x22) + sqrt(x26) + 3.3357894*sqrt(x28) - sqrt(x51) - 0.4161737*x55 - 0.4161737*x59 - 3.3357894*x61**(1/4) + 3.3357894*x64 - 2.7858021)
35,16.809753,(sqrt(x22) + (x65 + -2.7112777)) - ((((sqrt(x51) - sqrt(x20)) + (((x59 + x55) * 0.4161737) - sqrt(x19))) - sqrt(x26)) + (((sqrt(x28) + x64) - sqrt(sqrt(x61))) * -3.4118102)),0.0033636948613546633,sqrt(x19) + sqrt(x20) + sqrt(x22) + sqrt(x26) + 3.4118102*sqrt(x28) - sqrt(x51) - 0.4161737*x55 - 0.4161737*x59 - 3.4118102*x61**(1/4) + 3.4118102*x64 + x65 - 2.7112777,PySRFunction(X=>sqrt(x19) + sqrt(x20) + sqrt(x22) + sqrt(x26) + 3.4118102*sqrt(x28) - sqrt(x51) - 0.4161737*x55 - 0.4161737*x59 - 3.4118102*x61**(1/4) + 3.4118102*x64 + x65 - 2.7112777)
39,16.706028,(sqrt(x22) + ((((x65 + sqrt(x19)) + (sqrt(sqrt(x27)) * 3.219899)) - sqrt(x59)) + (((x64 + ((sqrt(x28) + -0.5740641) - sqrt(x61))) * 2.9584787) - (x51 * 0.25731847)))) - (sqrt(x55) - (x61 * 0.22191626)),0.0015474103252464183,sqrt(x19) + sqrt(x22) + 3.219899*x27**(1/4) + 2.9584787*sqrt(x28) - 0.25731847*x51 - sqrt(x55) - sqrt(x59) - 2.9584787*sqrt(x61) + 0.22191626*x61 + 2.9584787*x64 + x65 - 1.69835641228467,PySRFunction(X=>sqrt(x19) + sqrt(x22) + 3.219899*x27**(1/4) + 2.9584787*sqrt(x28) - 0.25731847*x51 - sqrt(x55) - sqrt(x59) - 2.9584787*sqrt(x61) + 0.22191626*x61 + 2.9584787*x64 + x65 - 1.69835641228467)
41,16.609322,(((sqrt(x28) + (-0.5740641 - sqrt(x61))) + x64) * 2.9584787) + (((((x65 + (sqrt(x19) + sqrt(x22))) + ((sqrt(sqrt(x27)) * 2.9584787) - sqrt(x59))) - (x51 * 0.25731847)) - (sqrt(x55) - (x61 * 0.22191626))) * 1.1648),0.0029027541843079287,1.1648*sqrt(x19) + 1.1648*sqrt(x22) + 3.44603598976*x27**(1/4) + 2.9584787*sqrt(x28) - 0.299724553856*x51 - 1.1648*sqrt(x55) - 1.1648*sqrt(x59) - 2.9584787*sqrt(x61) + 0.258488059648*x61 + 2.9584787*x64 + 1.1648*x65 - 1.69835641228467,PySRFunction(X=>1.1648*sqrt(x19) + 1.1648*sqrt(x22) + 3.44603598976*x27**(1/4) + 2.9584787*sqrt(x28) - 0.299724553856*x51 - 1.1648*sqrt(x55) - 1.1648*sqrt(x59) - 2.9584787*sqrt(x61) + 0.258488059648*x61 + 2.9584787*x64 + 1.1648*x65 - 1.69835641228467)
43,16.583458,((((sqrt(x28) + (-0.5740641 - sqrt(x61))) + x64) * 2.9584787) + ((((((sqrt(x19) + sqrt(x22)) + x65) + ((sqrt(sqrt(x27)) * 2.9584787) - sqrt(x59))) - (x51 * 0.25731847)) - (sqrt(x55) - (x61 * 0.22191626))) * 1.1648)) / 0.9758625,0.000779205756027081,1.19361078020725*sqrt(x19) + 1.19361078020725*sqrt(x22) + 3.53127206933354*x27**(1/4) + 3.03165527930421*sqrt(x28) - 0.307138099738437*x51 - 1.19361078020725*sqrt(x55) - 1.19361078020725*sqrt(x59) - 3.03165527930421*sqrt(x61) + 0.264881640239276*x61 + 3.03165527930421*x64 + 1.19361078020725*x65 - 1.74036445942402,PySRFunction(X=>1.19361078020725*sqrt(x19) + 1.19361078020725*sqrt(x22) + 3.53127206933354*x27**(1/4) + 3.03165527930421*sqrt(x28) - 0.307138099738437*x51 - 1.19361078020725*sqrt(x55) - 1.19361078020725*sqrt(x59) - 3.03165527930421*sqrt(x61) + 0.264881640239276*x61 + 3.03165527930421*x64 + 1.19361078020725*x65 - 1.74036445942402)
44,16.572462,((sqrt(sqrt(x27)) * 3.2497237) + ((sqrt(x18) + ((sqrt(x23) + (x65 + ((((x64 + sqrt(x28)) - sqrt(x61)) + -0.61808044) * 3.5823255))) - (sqrt(x59 + x51) - sqrt(x28)))) - sqrt(x55))) - ((x61 * -0.3900422) - (x28 * -0.7210019)),0.0006632903205909242,sqrt(x18) + sqrt(x23) + 3.2497237*x27**(1/4) + 4.5823255*sqrt(x28) - 0.7210019*x28 - sqrt(x55) - 3.5823255*sqrt(x61) + 0.3900422*x61 + 3.5823255*x64 + x65 - sqrt(x51 + x59) - 2.21416532126322,PySRFunction(X=>sqrt(x18) + sqrt(x23) + 3.2497237*x27**(1/4) + 4.5823255*sqrt(x28) - 0.7210019*x28 - sqrt(x55) - 3.5823255*sqrt(x61) + 0.3900422*x61 + 3.5823255*x64 + x65 - sqrt(x51 + x59) - 2.21416532126322)
46,16.327812,((sqrt(x18) / 0.26828563) - (x18 - (((((sqrt(x28) + x64) - sqrt(x61)) * 4.5086484) - 2.415803) + ((sqrt(x22) - sqrt(x51)) - ((x61 / -1.2913715) - (x28 * -1.6353203)))))) + (((sqrt(sqrt(x27)) * 3.041981) - sqrt(x59)) + (x28 - sqrt(x55))),0.007436245349034827,3.72737071307174*sqrt(x18) - x18 + sqrt(x22) + 3.041981*x27**(1/4) + 4.5086484*sqrt(x28) - 0.6353203*x28 - sqrt(x51) - sqrt(x55) - sqrt(x59) - 4.5086484*sqrt(x61) + 0.77437050453723*x61 + 4.5086484*x64 - 2.415803,PySRFunction(X=>3.72737071307174*sqrt(x18) - x18 + sqrt(x22) + 3.041981*x27**(1/4) + 4.5086484*sqrt(x28) - 0.6353203*x28 - sqrt(x51) - sqrt(x55) - sqrt(x59) - 4.5086484*sqrt(x61) + 0.77437050453723*x61 + 4.5086484*x64 - 2.415803)
47,15.964348,((sqrt(x18) / 0.26428917) - (x18 - ((((sqrt(x22) - sqrt(x51)) - ((x61 / -1.4172182) - (x28 * -1.5867944))) + (((sqrt(x28) + x64) - sqrt(x61)) * 4.27903)) - sqrt(x57)))) + (((sqrt(sqrt(x27)) * 3.5174537) - sqrt(x59)) + (x28 - sqrt(x55))),0.022511925480764958,3.78373430890112*sqrt(x18) - x18 + sqrt(x22) + 3.5174537*x27**(1/4) + 4.27903*sqrt(x28) - 0.5867944*x28 - sqrt(x51) - sqrt(x55) - sqrt(x57) - sqrt(x59) - 4.27903*sqrt(x61) + 0.705607647432131*x61 + 4.27903*x64,PySRFunction(X=>3.78373430890112*sqrt(x18) - x18 + sqrt(x22) + 3.5174537*x27**(1/4) + 4.27903*sqrt(x28) - 0.5867944*x28 - sqrt(x51) - sqrt(x55) - sqrt(x57) - sqrt(x59) - 4.27903*sqrt(x61) + 0.705607647432131*x61 + 4.27903*x64)
49,15.6307745,(((((sqrt(x18) / 0.2644675) - (x18 - ((((sqrt(x28) + (x64 - sqrt(x61))) * 4.7836876) + ((sqrt(x22) - sqrt(x51)) - ((x61 / -1.246586) - (x28 * -1.7268)))) - sqrt(x57)))) + (sqrt(sqrt(x27)) * 3.635313)) - (x64 + sqrt(x59))) + x28) - sqrt(x55),0.01055814532385842,3.78118294308374*sqrt(x18) - x18 + sqrt(x22) + 3.635313*x27**(1/4) + 4.7836876*sqrt(x28) - 0.7268*x28 - sqrt(x51) - sqrt(x55) - sqrt(x57) - sqrt(x59) - 4.7836876*sqrt(x61) + 0.802190943905996*x61 + 3.7836876*x64,PySRFunction(X=>3.78118294308374*sqrt(x18) - x18 + sqrt(x22) + 3.635313*x27**(1/4) + 4.7836876*sqrt(x28) - 0.7268*x28 - sqrt(x51) - sqrt(x55) - sqrt(x57) - sqrt(x59) - 4.7836876*sqrt(x61) + 0.802190943905996*x61 + 3.7836876*x64)
51,15.436033,(sqrt(sqrt(x27)) * 3.5610268) + ((((x28 - sqrt(x55)) + sqrt(x18 / 0.069186464)) - (x18 - ((((sqrt(x28) + (x64 - sqrt(x61))) * 5.6853228) + ((sqrt(x22) - sqrt(x51)) - ((x61 / -0.84158546) - (x28 * -2.127702)))) - sqrt(x57)))) - ((x64 + x64) + sqrt(x59))),0.006268556908198122,3.80180145390104*sqrt(x18) - x18 + sqrt(x22) + 3.5610268*x27**(1/4) + 5.6853228*sqrt(x28) - 1.127702*x28 - sqrt(x51) - sqrt(x55) - sqrt(x57) - sqrt(x59) - 5.6853228*sqrt(x61) + 1.18823345640976*x61 + 3.6853228*x64,PySRFunction(X=>3.80180145390104*sqrt(x18) - x18 + sqrt(x22) + 3.5610268*x27**(1/4) + 5.6853228*sqrt(x28) - 1.127702*x28 - sqrt(x51) - sqrt(x55) - sqrt(x57) - sqrt(x59) - 5.6853228*sqrt(x61) + 1.18823345640976*x61 + 3.6853228*x64)
53,15.269034,((x28 - sqrt(x55)) + (sqrt(x18 / 0.069186464) - (x18 - ((((sqrt(x22) - sqrt(x51)) - ((x61 / -0.84089136) - (x28 * -2.2065065))) - sqrt(x57)) + ((x64 + (sqrt(x28) - sqrt(x61))) * 5.6853228))))) + (x65 + ((sqrt(sqrt(x27)) * 3.288247) - ((x64 + x64) + sqrt(x59)))),0.005438862799917747,3.80180145390104*sqrt(x18) - x18 + sqrt(x22) + 3.288247*x27**(1/4) + 5.6853228*sqrt(x28) - 1.2065065*x28 - sqrt(x51) - sqrt(x55) - sqrt(x57) - sqrt(x59) - 5.6853228*sqrt(x61) + 1.18921426425406*x61 + 3.6853228*x64 + x65,PySRFunction(X=>3.80180145390104*sqrt(x18) - x18 + sqrt(x22) + 3.288247*x27**(1/4) + 5.6853228*sqrt(x28) - 1.2065065*x28 - sqrt(x51) - sqrt(x55) - sqrt(x57) - sqrt(x59) - 5.6853228*sqrt(x61) + 1.18921426425406*x61 + 3.6853228*x64 + x65)
54,15.24457,(((-0.13485554 - x64) - (x18 - (((sqrt(x22) + (((((x64 + -0.19239578) - sqrt(x61)) + sqrt(x28)) * 5.13791) - sqrt(x57))) - (sqrt(x51) - sqrt(x20))) - ((x61 / -1.0597368) - (x28 * -1.9143599))))) + ((x28 - sqrt(x55)) + ((sqrt(x18) + sqrt(sqrt(x27))) / 0.29843393))) - sqrt(x59),0.001603481859548635,3.35082542390538*sqrt(x18) - x18 + sqrt(x20) + sqrt(x22) + 3.35082542390538*x27**(1/4) + 5.13791*sqrt(x28) - 0.9143599*x28 - sqrt(x51) - sqrt(x55) - sqrt(x57) - sqrt(x59) - 5.13791*sqrt(x61) + 0.94363053165654*x61 + 4.13791*x64 - 1.1233677420198,PySRFunction(X=>3.35082542390538*sqrt(x18) - x18 + sqrt(x20) + sqrt(x22) + 3.35082542390538*x27**(1/4) + 5.13791*sqrt(x28) - 0.9143599*x28 - sqrt(x51) - sqrt(x55) - sqrt(x57) - sqrt(x59) - 5.13791*sqrt(x61) + 0.94363053165654*x61 + 4.13791*x64 - 1.1233677420198)
56,15.050142,((((-0.51115453 - x64) - ((x18 - (((sqrt(x22) + (((((x64 + -0.19239578) - sqrt(x61)) + sqrt(x28)) * 5.13791) - sqrt(x57))) - (sqrt(x51) - sqrt(x20))) - ((x61 / -1.0597368) - (x28 * -1.9143599)))) * 0.9395887)) + (x28 - sqrt(x55))) + ((sqrt(x18) + sqrt(sqrt(x27))) / 0.29843393)) - sqrt(x59),0.006417973853465955,3.35082542390538*sqrt(x18) - 0.9395887*x18 + 0.9395887*sqrt(x20) + 0.9395887*sqrt(x22) + 3.35082542390538*x27**(1/4) + 4.827522177617*sqrt(x28) - 0.79871092977313*x28 - 0.9395887*sqrt(x51) - sqrt(x55) - 0.9395887*sqrt(x57) - sqrt(x59) - 4.827522177617*sqrt(x61) + 0.886624584519477*x61 + 3.827522177617*x64 - 1.43994942482992,PySRFunction(X=>3.35082542390538*sqrt(x18) - 0.9395887*x18 + 0.9395887*sqrt(x20) + 0.9395887*sqrt(x22) + 3.35082542390538*x27**(1/4) + 4.827522177617*sqrt(x28) - 0.79871092977313*x28 - 0.9395887*sqrt(x51) - sqrt(x55) - 0.9395887*sqrt(x57) - sqrt(x59) - 4.827522177617*sqrt(x61) + 0.886624584519477*x61 + 3.827522177617*x64 - 1.43994942482992)
58,14.978125,(((((x52 * -0.07475489) - x64) - (x18 - ((((sqrt(x22) + ((((x64 + -0.19239578) - sqrt(x61)) + sqrt(x28)) * 5.13791)) - sqrt(x57)) - (sqrt(x51) - sqrt(x20))) - ((x61 / -1.0597368) - (-1.9143599 * x28))))) * 0.9395887) + ((x28 - sqrt(x55)) + ((sqrt(x18) + sqrt(sqrt(x27))) / 0.29843393))) - sqrt(x59),0.0023983115002305503,3.35082542390538*sqrt(x18) - 0.9395887*x18 + 0.9395887*sqrt(x20) + 0.9395887*sqrt(x22) + 3.35082542390538*x27**(1/4) + 4.827522177617*sqrt(x28) - 0.79871092977313*x28 - 0.9395887*sqrt(x51) - 0.070238849913743*x52 - sqrt(x55) - 0.9395887*sqrt(x57) - sqrt(x59) - 4.827522177617*sqrt(x61) + 0.886624584519477*x61 + 3.887933477617*x64 - 0.928794894829921,PySRFunction(X=>3.35082542390538*sqrt(x18) - 0.9395887*x18 + 0.9395887*sqrt(x20) + 0.9395887*sqrt(x22) + 3.35082542390538*x27**(1/4) + 4.827522177617*sqrt(x28) - 0.79871092977313*x28 - 0.9395887*sqrt(x51) - 0.070238849913743*x52 - sqrt(x55) - 0.9395887*sqrt(x57) - sqrt(x59) - 4.827522177617*sqrt(x61) + 0.886624584519477*x61 + 3.887933477617*x64 - 0.928794894829921)
60,14.874108,(((((x28 - sqrt(x55)) - -1.3059027) + (sqrt(sqrt(x27)) * 2.9030125)) + (sqrt(x18) / 0.29110944)) - sqrt(x59)) + ((x65 - x64) - (0.9094527 * (x18 - ((sqrt(x22) + (((((sqrt(x28) + x64) + (-0.50462 - sqrt(x61))) * 5.57381) - sqrt(x57)) - (sqrt(x51) - sqrt(x20)))) - ((x61 / -0.99612683) - (x28 * -2.1193335)))))),0.003484410059387924,3.43513422306058*sqrt(x18) - 0.9094527*x18 + 0.9094527*sqrt(x20) + 0.9094527*sqrt(x22) + 2.9030125*x27**(1/4) + 5.069116553787*sqrt(x28) - 0.92743357377545*x28 - 0.9094527*sqrt(x51) - sqrt(x55) - 0.9094527*sqrt(x57) - sqrt(x59) - 5.069116553787*sqrt(x61) + 0.912988861067019*x61 + 4.069116553787*x64 + x65 - 1.252074895372,PySRFunction(X=>3.43513422306058*sqrt(x18) - 0.9094527*x18 + 0.9094527*sqrt(x20) + 0.9094527*sqrt(x22) + 2.9030125*x27**(1/4) + 5.069116553787*sqrt(x28) - 0.92743357377545*x28 - 0.9094527*sqrt(x51) - sqrt(x55) - 0.9094527*sqrt(x57) - sqrt(x59) - 5.069116553787*sqrt(x61) + 0.912988861067019*x61 + 4.069116553787*x64 + x65 - 1.252074895372)
62,14.816695,((sqrt(sqrt(x27)) * 2.9030125) + ((sqrt(x18) / 0.29110944) - sqrt(x59))) + (((((x28 - sqrt(x55)) - -1.3059027) - ((x18 - ((sqrt(x22) + ((((sqrt(x28) + ((x64 + -0.50462) - sqrt(x61))) * 5.57381) - sqrt(x57 + x64)) - (sqrt(x51) - sqrt(x20)))) - ((x61 / -0.99612683) - (x28 * -2.1193335)))) * 0.9094527)) + x65) - x64),0.0019336988480701386,3.43513422306058*sqrt(x18) - 0.9094527*x18 + 0.9094527*sqrt(x20) + 0.9094527*sqrt(x22) + 2.9030125*x27**(1/4) + 5.069116553787*sqrt(x28) - 0.92743357377545*x28 - 0.9094527*sqrt(x51) - sqrt(x55) - sqrt(x59) - 5.069116553787*sqrt(x61) + 0.912988861067019*x61 + 4.069116553787*x64 + x65 - 0.9094527*sqrt(x57 + x64) - 1.252074895372,PySRFunction(X=>3.43513422306058*sqrt(x18) - 0.9094527*x18 + 0.9094527*sqrt(x20) + 0.9094527*sqrt(x22) + 2.9030125*x27**(1/4) + 5.069116553787*sqrt(x28) - 0.92743357377545*x28 - 0.9094527*sqrt(x51) - sqrt(x55) - sqrt(x59) - 5.069116553787*sqrt(x61) + 0.912988861067019*x61 + 4.069116553787*x64 + x65 - 0.9094527*sqrt(x57 + x64) - 1.252074895372)
63,14.766698,((x28 - (sqrt(x55) - -1.1498649)) - (x18 - (((((((((sqrt(x28) + -0.12120949) + x64) - sqrt(x61)) * 4.519557) - (sqrt(x57) + x64)) - (sqrt(sqrt(x51)) - sqrt(x20))) - ((x61 / -1.123529) - (x28 * -1.6127613))) * 1.2254709) + sqrt(x22)))) + (((x65 - x64) + (sqrt(sqrt(x27)) * 3.2733607)) + ((sqrt(x18) / 0.2826146) - sqrt(x59))),0.0033800752740513144,3.53838761337879*sqrt(x18) - x18 + 1.2254709*sqrt(x20) + sqrt(x22) + 3.2733607*x27**(1/4) + 5.5385855843913*sqrt(x28) - 0.97639204179617*x28 - 1.2254709*x51**(1/4) - sqrt(x55) - 1.2254709*sqrt(x57) - sqrt(x59) - 5.5385855843913*sqrt(x61) + 1.09073366152543*x61 + 3.3131146843913*x64 + x65 - 1.82119403400542,PySRFunction(X=>3.53838761337879*sqrt(x18) - x18 + 1.2254709*sqrt(x20) + sqrt(x22) + 3.2733607*x27**(1/4) + 5.5385855843913*sqrt(x28) - 0.97639204179617*x28 - 1.2254709*x51**(1/4) - sqrt(x55) - 1.2254709*sqrt(x57) - sqrt(x59) - 5.5385855843913*sqrt(x61) + 1.09073366152543*x61 + 3.3131146843913*x64 + x65 - 1.82119403400542)
64,14.701227,((((sqrt(sqrt(x27)) * 3.4418862) + (sqrt(x18) / 0.27894372)) - sqrt(x59)) + (((x28 - (sqrt(x55) - -1.1229887)) - (x18 - (sqrt(x22) + ((((((sqrt(x28) + (x64 + -0.15556888)) - sqrt(x61)) * 5.798632) - (sqrt(x57) + x64)) - (sqrt(x51) - sqrt(x20))) - (((x61 * -0.94677997) - (x28 * -1.8305783)) * 1.2017871))))) + (x65 - x64))) - -0.575647,0.004443550587821379,3.58495254885107*sqrt(x18) - x18 + sqrt(x20) + sqrt(x22) + 3.4418862*x27**(1/4) + 5.798632*sqrt(x28) - 1.19996538647993*x28 - sqrt(x51) - sqrt(x55) - sqrt(x57) - sqrt(x59) - 5.798632*sqrt(x61) + 1.13782795448439*x61 + 3.798632*x64 + x65 - 1.44942838577216,PySRFunction(X=>3.58495254885107*sqrt(x18) - x18 + sqrt(x20) + sqrt(x22) + 3.4418862*x27**(1/4) + 5.798632*sqrt(x28) - 1.19996538647993*x28 - sqrt(x51) - sqrt(x55) - sqrt(x57) - sqrt(x59) - 5.798632*sqrt(x61) + 1.13782795448439*x61 + 3.798632*x64 + x65 - 1.44942838577216)
65,14.627036,(((((((x28 - sqrt(x55)) - -1.2862593) - (x18 - (sqrt(x22) + (((((sqrt(x28) + ((x64 + -0.50462) - sqrt(x61))) * 5.57381) - (x64 + sqrt(x57))) - (sqrt(sqrt(x51)) - sqrt(x20))) - ((x61 / -0.99612683) - (x28 * -2.1193335)))))) * 0.9094527) + (x65 - x64)) + (sqrt(x18) / 0.29110944)) + ((sqrt(sqrt(x27)) * 2.9030125) - sqrt(x59))) / 0.90725106,0.005059362585260658,3.78631050930993*sqrt(x18) - 1.00242671526887*x18 + 1.00242671526887*sqrt(x20) + 1.00242671526887*sqrt(x22) + 3.1997895929711*x27**(1/4) + 5.58733604983278*sqrt(x28) - 1.12204980369541*x28 - 1.00242671526887*x51**(1/4) - 1.00242671526887*sqrt(x55) - 1.00242671526887*sqrt(x57) - 1.10223073203133*sqrt(x59) - 5.58733604983278*sqrt(x61) + 1.00632438067035*x61 + 3.48267860253258*x64 + 1.10223073203133*x65 - 1.53010083238358,PySRFunction(X=>3.78631050930993*sqrt(x18) - 1.00242671526887*x18 + 1.00242671526887*sqrt(x20) + 1.00242671526887*sqrt(x22) + 3.1997895929711*x27**(1/4) + 5.58733604983278*sqrt(x28) - 1.12204980369541*x28 - 1.00242671526887*x51**(1/4) - 1.00242671526887*sqrt(x55) - 1.00242671526887*sqrt(x57) - 1.10223073203133*sqrt(x59) - 5.58733604983278*sqrt(x61) + 1.00632438067035*x61 + 3.48267860253258*x64 + 1.10223073203133*x65 - 1.53010083238358)
69,14.505799,(((sqrt(x27) * 4.2131977) + (sqrt(x25 * 3.7571375) - sqrt(x51))) + ((((x28 - x27) + (x28 - (sqrt(x55) - x65))) + (sqrt(x20) + (((sqrt(x18 / 0.081243955) - sqrt(x59)) + 2.8336) - sqrt(x57)))) - (x18 - (((sqrt(x22) + ((((sqrt(x28) + x64) - sqrt(x61)) * 3.7571375) - sqrt(x52))) - 2.764179) - ((x61 / -1.9029051) - (x28 * -2.4675624)))))) + -1.3027916,0.0020807741484745795,3.50836259074409*sqrt(x18) - x18 + sqrt(x20) + sqrt(x22) + 1.93833369160215*sqrt(x25) + 4.2131977*sqrt(x27) - x27 + 3.7571375*sqrt(x28) - 0.4675624*x28 - sqrt(x51) - sqrt(x52) - sqrt(x55) - sqrt(x57) - sqrt(x59) - 3.7571375*sqrt(x61) + 0.525512281195736*x61 + 3.7571375*x64 + x65 - 1.2333706,PySRFunction(X=>3.50836259074409*sqrt(x18) - x18 + sqrt(x20) + sqrt(x22) + 1.93833369160215*sqrt(x25) + 4.2131977*sqrt(x27) - x27 + 3.7571375*sqrt(x28) - 0.4675624*x28 - sqrt(x51) - sqrt(x52) - sqrt(x55) - sqrt(x57) - sqrt(x59) - 3.7571375*sqrt(x61) + 0.525512281195736*x61 + 3.7571375*x64 + x65 - 1.2333706)
70,14.3754425,(sqrt(x27) * 4.2131977) + (((sqrt(sqrt(x25)) * 3.7571375) - sqrt(x51)) + ((((x28 - x27) + x28) - sqrt(x55)) + (((((sqrt(x20) + sqrt(x18 / 0.081243955)) - (0.7739968 + sqrt(x59))) + (2.0596032 - sqrt(x57))) - (x18 - (sqrt(x22) + ((((3.7571375 * ((sqrt(x28) + x64) - sqrt(x61))) - sqrt(x52)) - 2.764179) - ((x61 / -1.9029051) - (x28 * -2.4675624)))))) + -1.3639858))),0.009027131691576156,3.50836259074409*sqrt(x18) - x18 + sqrt(x20) + sqrt(x22) + 3.7571375*x25**(1/4) + 4.2131977*sqrt(x27) - x27 + 3.7571375*sqrt(x28) - 0.4675624*x28 - sqrt(x51) - sqrt(x52) - sqrt(x55) - sqrt(x57) - sqrt(x59) - 3.7571375*sqrt(x61) + 0.525512281195736*x61 + 3.7571375*x64 - 2.8425584,PySRFunction(X=>3.50836259074409*sqrt(x18) - x18 + sqrt(x20) + sqrt(x22) + 3.7571375*x25**(1/4) + 4.2131977*sqrt(x27) - x27 + 3.7571375*sqrt(x28) - 0.4675624*x28 - sqrt(x51) - sqrt(x52) - sqrt(x55) - sqrt(x57) - sqrt(x59) - 3.7571375*sqrt(x61) + 0.525512281195736*x61 + 3.7571375*x64 - 2.8425584)
72,14.154115,((sqrt(x27) * 4.2131977) + ((sqrt(sqrt(x25)) * 3.7571375) - sqrt(x51))) + ((((x28 - x27) + x28) - (sqrt(x55) - x65)) + (((sqrt(x20) + ((sqrt(x18 / 0.081243955) - (sqrt(x59) + 0.7739968)) + (2.0596032 - sqrt(x57)))) - (x18 - ((((sqrt(x22) + ((sqrt(x28) + (x64 - sqrt(x61))) * 3.7571375)) - sqrt(x52)) - 2.764179) - ((x61 / -1.9029051) - (x28 * -2.4675624))))) + -1.3639858)),0.007757987143031642,3.50836259074409*sqrt(x18) - x18 + sqrt(x20) + sqrt(x22) + 3.7571375*x25**(1/4) + 4.2131977*sqrt(x27) - x27 + 3.7571375*sqrt(x28) - 0.4675624*x28 - sqrt(x51) - sqrt(x52) - sqrt(x55) - sqrt(x57) - sqrt(x59) - 3.7571375*sqrt(x61) + 0.525512281195736*x61 + 3.7571375*x64 + x65 - 2.8425584,PySRFunction(X=>3.50836259074409*sqrt(x18) - x18 + sqrt(x20) + sqrt(x22) + 3.7571375*x25**(1/4) + 4.2131977*sqrt(x27) - x27 + 3.7571375*sqrt(x28) - 0.4675624*x28 - sqrt(x51) - sqrt(x52) - sqrt(x55) - sqrt(x57) - sqrt(x59) - 3.7571375*sqrt(x61) + 0.525512281195736*x61 + 3.7571375*x64 + x65 - 2.8425584)
74,13.818166,((x28 - 0.42796424) - x27) + ((x28 - (sqrt(x55) - x65)) + ((((((sqrt(sqrt(x25)) * 3.7118065) - (x64 + sqrt(x51))) + ((sqrt(x18 / 0.06743777) - sqrt(x59)) + ((2.0052452 - sqrt(x57)) - (x18 - (sqrt(x22) + ((((((sqrt(x28) + x64) - sqrt(x61)) * 4.884071) - sqrt(x53)) - 2.726954) - ((x61 / -1.1546361) - (x28 * -2.9138772)))))))) + -1.4446161) + (sqrt(x27) * 4.000728)) + sqrt(x20))),0.012010645610931597,3.85077726960588*sqrt(x18) - x18 + sqrt(x20) + sqrt(x22) + 3.7118065*x25**(1/4) + 4.000728*sqrt(x27) - x27 + 4.884071*sqrt(x28) - 0.9138772*x28 - sqrt(x51) - sqrt(x53) - sqrt(x55) - sqrt(x57) - sqrt(x59) - 4.884071*sqrt(x61) + 0.866073735266029*x61 + 3.884071*x64 + x65 - 2.59428914,PySRFunction(X=>3.85077726960588*sqrt(x18) - x18 + sqrt(x20) + sqrt(x22) + 3.7118065*x25**(1/4) + 4.000728*sqrt(x27) - x27 + 4.884071*sqrt(x28) - 0.9138772*x28 - sqrt(x51) - sqrt(x53) - sqrt(x55) - sqrt(x57) - sqrt(x59) - 4.884071*sqrt(x61) + 0.866073735266029*x61 + 3.884071*x64 + x65 - 2.59428914)
78,13.770587,((x28 - 0.33007213) - x27) + ((x28 - (sqrt(x55) - x65)) + ((((sqrt(sqrt(x25)) * 3.7118065) - (x64 + sqrt(x51))) + ((((2.0052452 - sqrt(x57)) - (x18 - (((sqrt(x22) + ((((sqrt(x28) + x64) + (-0.066338204 - sqrt(x61))) * 4.884071) - sqrt(x53))) - 2.726954) - ((x61 / -1.1546361) - (x28 * -2.8865063))))) + (sqrt(x18 / 0.06791831) - sqrt(x59))) + (((sqrt(x27) * 4.000728) + -0.86282384) + sqrt(x20)))) + -0.56902426)),0.000862290643754398,3.83713045441099*sqrt(x18) - x18 + sqrt(x20) + sqrt(x22) + 3.7118065*x25**(1/4) + 4.000728*sqrt(x27) - x27 + 4.884071*sqrt(x28) - 0.8865063*x28 - sqrt(x51) - sqrt(x53) - sqrt(x55) - sqrt(x57) - sqrt(x59) - 4.884071*sqrt(x61) + 0.866073735266029*x61 + 3.884071*x64 + x65 - 2.80762952834848,PySRFunction(X=>3.83713045441099*sqrt(x18) - x18 + sqrt(x20) + sqrt(x22) + 3.7118065*x25**(1/4) + 4.000728*sqrt(x27) - x27 + 4.884071*sqrt(x28) - 0.8865063*x28 - sqrt(x51) - sqrt(x53) - sqrt(x55) - sqrt(x57) - sqrt(x59) - 4.884071*sqrt(x61) + 0.866073735266029*x61 + 3.884071*x64 + x65 - 2.80762952834848)
81,13.5102005,((((sqrt(x27) * 4.070361) + ((x28 + (sqrt(x18) + -0.8809053)) + ((((((sqrt(sqrt(x25)) * 3.229875) + sqrt(x18 / 0.13627866)) + x28) - sqrt(x55)) + (sqrt(x20) - sqrt(x64 + x51))) - x27))) - (sqrt(x59) + x64)) + (((x65 + (x28 - sqrt(x57))) - -1.4820393) - (x18 - (sqrt(x22) + ((((((sqrt(x28) + x64) - sqrt(x61)) * 5.0306845) - sqrt(x53)) - 2.7622633) - ((x61 * -0.9517391) - (x28 * -3.924135))))))) * 1.1011558,0.0063633160049281845,4.08402935147399*sqrt(x18) - 1.1011558*x18 + 1.1011558*sqrt(x20) + 1.1011558*sqrt(x22) + 3.556595589525*x25**(1/4) + 4.4821016232438*sqrt(x27) - 1.1011558*x27 + 5.5395674151451*sqrt(x28) - 1.017616615233*x28 - 1.1011558*sqrt(x53) - 1.1011558*sqrt(x55) - 1.1011558*sqrt(x57) - 1.1011558*sqrt(x59) - 5.5395674151451*sqrt(x61) + 1.04801303005178*x61 + 4.4384116151451*x64 + 1.1011558*x65 - 1.1011558*sqrt(x51 + x64) - 2.37974006324494,PySRFunction(X=>4.08402935147399*sqrt(x18) - 1.1011558*x18 + 1.1011558*sqrt(x20) + 1.1011558*sqrt(x22) + 3.556595589525*x25**(1/4) + 4.4821016232438*sqrt(x27) - 1.1011558*x27 + 5.5395674151451*sqrt(x28) - 1.017616615233*x28 - 1.1011558*sqrt(x53) - 1.1011558*sqrt(x55) - 1.1011558*sqrt(x57) - 1.1011558*sqrt(x59) - 5.5395674151451*sqrt(x61) + 1.04801303005178*x61 + 4.4384116151451*x64 + 1.1011558*x65 - 1.1011558*sqrt(x51 + x64) - 2.37974006324494)
83,13.437168,((x28 + (((((sqrt(x20) + ((((sqrt(sqrt(x25)) * 3.229875) + (((sqrt(x18 / 0.13627866) + x28) - sqrt(x55)) + sqrt(x18))) - sqrt(x64 + x51)) + (((x11 * 0.2122599) - x27) + -1.5530683))) - (x64 + sqrt(x59))) + x28) - sqrt(x57)) - -1.3017454)) - (x18 - (((sqrt(x22) + (((sqrt(x28) + (x64 - sqrt(x61))) * 5.0306845) - sqrt(x53))) - 2.7622633) - ((x61 * -0.9517391) - (x28 * -3.924135))))) + (x65 + (sqrt(x27) * 4.392888)),0.0027101970573456366,0.2122599*x11 + 3.70885695872826*sqrt(x18) - x18 + sqrt(x20) + sqrt(x22) + 3.229875*x25**(1/4) + 4.392888*sqrt(x27) - x27 + 5.0306845*sqrt(x28) - 0.924135*x28 - sqrt(x53) - sqrt(x55) - sqrt(x57) - sqrt(x59) - 5.0306845*sqrt(x61) + 0.9517391*x61 + 4.0306845*x64 + x65 - sqrt(x51 + x64) - 3.0135862,PySRFunction(X=>0.2122599*x11 + 3.70885695872826*sqrt(x18) - x18 + sqrt(x20) + sqrt(x22) + 3.229875*x25**(1/4) + 4.392888*sqrt(x27) - x27 + 5.0306845*sqrt(x28) - 0.924135*x28 - sqrt(x53) - sqrt(x55) - sqrt(x57) - sqrt(x59) - 5.0306845*sqrt(x61) + 0.9517391*x61 + 4.0306845*x64 + x65 - sqrt(x51 + x64) - 3.0135862)
85,13.283483,(sqrt(x27) * 4.070361) + ((((((x28 + ((sqrt(x20) + sqrt(x18)) + ((sqrt(x18 / 0.13627866) + (sqrt(sqrt(x25)) * 3.229875)) + ((x28 - sqrt(x55)) - sqrt(x64 + x51))))) + -0.8060199) + (((x11 * 0.2122599) - x27) - (x64 + sqrt(x59)))) + (((x28 - sqrt(x57)) - -1.3017454) - (x18 - ((sqrt(x22) + ((((sqrt(x28) + (x64 - sqrt(x61))) * 5.0306845) - sqrt(x53)) - 2.7622633)) - ((x61 * -0.9517391) - (x28 * -3.924135)))))) + x65) * 1.0839205),0.005751607424539946,0.23007285693795*x11 + 4.02010608913322*sqrt(x18) - 1.0839205*x18 + 1.0839205*sqrt(x20) + 1.0839205*sqrt(x22) + 3.5009277249375*x25**(1/4) + 4.070361*sqrt(x27) - 1.0839205*x27 + 5.45286205858225*sqrt(x28) - 1.0016888712675*x28 - 1.0839205*sqrt(x53) - 1.0839205*sqrt(x55) - 1.0839205*sqrt(x57) - 1.0839205*sqrt(x59) - 5.45286205858225*sqrt(x61) + 1.03160952114155*x61 + 4.36894155858225*x64 + 1.0839205*x65 - 1.0839205*sqrt(x51 + x64) - 2.4567467854449,PySRFunction(X=>0.23007285693795*x11 + 4.02010608913322*sqrt(x18) - 1.0839205*x18 + 1.0839205*sqrt(x20) + 1.0839205*sqrt(x22) + 3.5009277249375*x25**(1/4) + 4.070361*sqrt(x27) - 1.0839205*x27 + 5.45286205858225*sqrt(x28) - 1.0016888712675*x28 - 1.0839205*sqrt(x53) - 1.0839205*sqrt(x55) - 1.0839205*sqrt(x57) - 1.0839205*sqrt(x59) - 5.45286205858225*sqrt(x61) + 1.03160952114155*x61 + 4.36894155858225*x64 + 1.0839205*x65 - 1.0839205*sqrt(x51 + x64) - 2.4567467854449)
87,13.268732,((sqrt(x27) * 4.070361) + ((((((x28 + ((((((sqrt(x20) + ((sqrt(x18) + (sqrt(sqrt(x25)) * 3.229875)) + (sqrt(x18 / 0.13627866) + x28))) - sqrt(x55)) - sqrt(x51 + x64)) + -1.4911519) + (x11 * 0.2122599)) - x27)) - (x64 + sqrt(x59))) + (x28 - sqrt(x57))) - -1.3017454) - (x18 - (sqrt(x22) + (((((sqrt(x28) + (x64 - sqrt(x61))) * 5.0306845) - sqrt(x53)) - 2.7622633) - ((x61 * -0.9517391) - (x28 * -3.924135)))))) + (x65 - -0.32252693))) * 1.0839205,0.0005555469296081882,0.23007285693795*x11 + 4.02010608913322*sqrt(x18) - 1.0839205*x18 + 1.0839205*sqrt(x20) + 1.0839205*sqrt(x22) + 3.5009277249375*x25**(1/4) + 4.4119477303005*sqrt(x27) - 1.0839205*x27 + 5.45286205858225*sqrt(x28) - 1.0016888712675*x28 - 1.0839205*sqrt(x53) - 1.0839205*sqrt(x55) - 1.0839205*sqrt(x57) - 1.0839205*sqrt(x59) - 5.45286205858225*sqrt(x61) + 1.03160952114155*x61 + 4.36894155858225*x64 + 1.0839205*x65 - 1.0839205*sqrt(x51 + x64) - 2.84978185422184,PySRFunction(X=>0.23007285693795*x11 + 4.02010608913322*sqrt(x18) - 1.0839205*x18 + 1.0839205*sqrt(x20) + 1.0839205*sqrt(x22) + 3.5009277249375*x25**(1/4) + 4.4119477303005*sqrt(x27) - 1.0839205*x27 + 5.45286205858225*sqrt(x28) - 1.0016888712675*x28 - 1.0839205*sqrt(x53) - 1.0839205*sqrt(x55) - 1.0839205*sqrt(x57) - 1.0839205*sqrt(x59) - 5.45286205858225*sqrt(x61) + 1.03160952114155*x61 + 4.36894155858225*x64 + 1.0839205*x65 - 1.0839205*sqrt(x51 + x64) - 2.84978185422184)
89,13.267619,(((sqrt(x27) * 4.070361) + ((((((x28 + ((((((sqrt(x20) + (((sqrt(x18) + (sqrt(sqrt(x25)) * 3.229875)) + sqrt(x18 / 0.13627866)) + x28)) - sqrt(x55)) - sqrt(x51 + x64)) + -1.4911519) + (x11 * 0.2122599)) - x27)) - (x64 + sqrt(x59))) + (x28 - sqrt(x57))) - -1.3017454) - (x18 - (sqrt(x22) + (((((sqrt(x28) + (x64 - sqrt(x61))) * 5.0306845) - sqrt(x53)) - 2.7622633) - ((x61 * -0.9517391) - (x28 * -3.924135)))))) + (x65 - -0.32252693))) * 1.0839205) - 0.019350894,4.194246604036618e-05,0.23007285693795*x11 + 4.02010608913322*sqrt(x18) - 1.0839205*x18 + 1.0839205*sqrt(x20) + 1.0839205*sqrt(x22) + 3.5009277249375*x25**(1/4) + 4.4119477303005*sqrt(x27) - 1.0839205*x27 + 5.45286205858225*sqrt(x28) - 1.0016888712675*x28 - 1.0839205*sqrt(x53) - 1.0839205*sqrt(x55) - 1.0839205*sqrt(x57) - 1.0839205*sqrt(x59) - 5.45286205858225*sqrt(x61) + 1.03160952114155*x61 + 4.36894155858225*x64 + 1.0839205*x65 - 1.0839205*sqrt(x51 + x64) - 2.86913274822184,PySRFunction(X=>0.23007285693795*x11 + 4.02010608913322*sqrt(x18) - 1.0839205*x18 + 1.0839205*sqrt(x20) + 1.0839205*sqrt(x22) + 3.5009277249375*x25**(1/4) + 4.4119477303005*sqrt(x27) - 1.0839205*x27 + 5.45286205858225*sqrt(x28) - 1.0016888712675*x28 - 1.0839205*sqrt(x53) - 1.0839205*sqrt(x55) - 1.0839205*sqrt(x57) - 1.0839205*sqrt(x59) - 5.45286205858225*sqrt(x61) + 1.03160952114155*x61 + 4.36894155858225*x64 + 1.0839205*x65 - 1.0839205*sqrt(x51 + x64) - 2.86913274822184)
101,13.2508745,1.0961523 * ((((x65 + ((((sqrt(x27) * 4.070361) + (((((sqrt(sqrt(x25)) * 3.229875) + ((sqrt(x18) + ((sqrt(x18 / 0.13627866) + (sqrt(x20) + ((x28 - sqrt(x55)) - (x15 * -0.19635487)))) - (((x34 - x17) * 0.04519282) - 0.49142438))) - sqrt(x64 + x51))) + (0.76713556 - x27)) - 0.24786896) + x28)) - -0.7886504) + -2.2798023)) + ((x28 - sqrt(x57 / 0.7935345)) - -1.3017454)) - (x18 - (sqrt(x22) + (((((sqrt(x28) + (x64 - sqrt(x61))) * 5.0306845) - sqrt(x53)) - 2.7622633) - ((x61 * -0.9517391) - (x28 * -3.924135)))))) - (sqrt(x59) + x64)),0.00010523789260091977,0.215234842366701*x15 + 0.049538213586486*x17 + 4.06547208568099*sqrt(x18) - 1.0961523*x18 + 1.0961523*sqrt(x20) + 1.0961523*sqrt(x22) + 3.5404349099625*x25**(1/4) + 4.4617355719803*sqrt(x27) - 1.0961523*x27 + 5.51439638524935*sqrt(x28) - 1.0129927057605*x28 - 0.049538213586486*x34 - 1.0961523*sqrt(x53) - 1.0961523*sqrt(x55) - 1.23051806230591*sqrt(x57) - 1.0961523*sqrt(x59) - 5.51439638524935*sqrt(x61) + 1.04325100346493*x61 + 4.41824408524935*x64 + 1.0961523*x65 - 1.0961523*sqrt(x51 + x64) - 2.12760839779429,PySRFunction(X=>0.215234842366701*x15 + 0.049538213586486*x17 + 4.06547208568099*sqrt(x18) - 1.0961523*x18 + 1.0961523*sqrt(x20) + 1.0961523*sqrt(x22) + 3.5404349099625*x25**(1/4) + 4.4617355719803*sqrt(x27) - 1.0961523*x27 + 5.51439638524935*sqrt(x28) - 1.0129927057605*x28 - 0.049538213586486*x34 - 1.0961523*sqrt(x53) - 1.0961523*sqrt(x55) - 1.23051806230591*sqrt(x57) - 1.0961523*sqrt(x59) - 5.51439638524935*sqrt(x61) + 1.04325100346493*x61 + 4.41824408524935*x64 + 1.0961523*x65 - 1.0961523*sqrt(x51 + x64) - 2.12760839779429)
102,13.188636,((((x28 - sqrt(x57 / 0.7139115)) - -1.3017454) - (x18 - ((sqrt(x22) + (((((sqrt(x28) + x64) - sqrt(x61)) * 5.0306845) - sqrt(x53)) - 2.7622633)) - ((x61 * -0.9517391) - (x28 * -3.924135))))) + ((x65 + (((sqrt(x27) * 4.070361) + -2.2798023) + ((x28 - -0.7886504) + (((sqrt(x18 / 0.13627866) + ((x28 - sqrt(x55)) - (x15 * -0.19635487))) + ((sqrt(x20) - ((((x34 - square(x17)) - x26) * 0.04519282) - 0.49142438)) + (((sqrt(sqrt(x25)) * 3.229875) + sqrt(x18)) - sqrt(x64 + x51)))) + (0.5192666 - x27))))) - (x64 + sqrt(x59)))) * 1.0961523,0.004708000547971524,0.215234842366701*x15 + 0.049538213586486*x17**2 + 4.06547208568099*sqrt(x18) - 1.0961523*x18 + 1.0961523*sqrt(x20) + 1.0961523*sqrt(x22) + 3.5404349099625*x25**(1/4) + 0.049538213586486*x26 + 4.4617355719803*sqrt(x27) - 1.0961523*x27 + 5.51439638524935*sqrt(x28) - 1.0129927057605*x28 - 0.049538213586486*x34 - 1.0961523*sqrt(x53) - 1.0961523*sqrt(x55) - 1.29732477099084*sqrt(x57) - 1.0961523*sqrt(x59) - 5.51439638524935*sqrt(x61) + 1.04325100346493*x61 + 4.41824408524935*x64 + 1.0961523*x65 - 1.0961523*sqrt(x51 + x64) - 2.12760839779429,PySRFunction(X=>0.215234842366701*x15 + 0.049538213586486*x17**2 + 4.06547208568099*sqrt(x18) - 1.0961523*x18 + 1.0961523*sqrt(x20) + 1.0961523*sqrt(x22) + 3.5404349099625*x25**(1/4) + 0.049538213586486*x26 + 4.4617355719803*sqrt(x27) - 1.0961523*x27 + 5.51439638524935*sqrt(x28) - 1.0129927057605*x28 - 0.049538213586486*x34 - 1.0961523*sqrt(x53) - 1.0961523*sqrt(x55) - 1.29732477099084*sqrt(x57) - 1.0961523*sqrt(x59) - 5.51439638524935*sqrt(x61) + 1.04325100346493*x61 + 4.41824408524935*x64 + 1.0961523*x65 - 1.0961523*sqrt(x51 + x64) - 2.12760839779429)
104,13.1669445,((x65 + ((sqrt(x27) * 4.070361) + (((((((sqrt(sqrt(x25)) * 3.229875) + sqrt(x18)) + ((sqrt(x18 / 0.13627866) + (((x28 - sqrt(x55)) - (x15 * -0.19635487)) + sqrt(x20))) - ((((x34 - square(x17)) - x26) * 0.04519282) - 0.49142438))) - sqrt(x64 + x51)) + ((0.76713556 - x27) - 0.24786896)) + (x28 - -0.7886504)) + -2.2798023))) + (((x28 - sqrt(x57 / 0.7139115)) - -1.3017454) - (x18 - ((sqrt(x22) + ((((sqrt(x28) + (x64 - sqrt(x61))) * 5.0306845) - sqrt(x53)) - 2.7622633)) - ((x61 * -0.9517391) - (x28 * -3.924135)))))) - ((sqrt(x59) + x64) * 1.0961523),0.00082303271209747,0.19635487*x15 + 0.04519282*x17**2 + 3.70885695872826*sqrt(x18) - x18 + sqrt(x20) + sqrt(x22) + 3.229875*x25**(1/4) + 0.04519282*x26 + 4.070361*sqrt(x27) - x27 + 5.0306845*sqrt(x28) - 0.924135*x28 - 0.04519282*x34 - sqrt(x53) - sqrt(x55) - 1.18352602187747*sqrt(x57) - 1.0961523*sqrt(x59) - 5.0306845*sqrt(x61) + 0.9517391*x61 + 3.9345322*x64 + x65 - sqrt(x51 + x64) - 1.94097882,PySRFunction(X=>0.19635487*x15 + 0.04519282*x17**2 + 3.70885695872826*sqrt(x18) - x18 + sqrt(x20) + sqrt(x22) + 3.229875*x25**(1/4) + 0.04519282*x26 + 4.070361*sqrt(x27) - x27 + 5.0306845*sqrt(x28) - 0.924135*x28 - 0.04519282*x34 - sqrt(x53) - sqrt(x55) - 1.18352602187747*sqrt(x57) - 1.0961523*sqrt(x59) - 5.0306845*sqrt(x61) + 0.9517391*x61 + 3.9345322*x64 + x65 - sqrt(x51 + x64) - 1.94097882)
105,13.14619,(((((x28 - sqrt(x57 / 0.7139115)) - -1.3017454) - (x18 - ((sqrt(x22) + (((((sqrt(x28) + x64) - sqrt(x61)) * 5.0306845) - sqrt(x53)) - 2.7622633)) - ((x61 * -0.9517391) - (x28 * -3.924135))))) + ((x65 + (((sqrt(x27) * 4.070361) + -2.2798023) + ((x28 - -0.7886504) + (((sqrt(x18 / 0.13627866) + ((x28 - sqrt(x55)) - (x15 * -0.19635487))) + ((sqrt(x20) - ((((x34 - square(x17)) - abs(x26)) * 0.04519282) - 0.49142438)) + (((sqrt(sqrt(x25)) * 3.229875) + sqrt(x18)) - sqrt(x64 + x51)))) + (0.5192666 - x27))))) - (x64 + sqrt(x59)))) * 1.0961523) - 0.22265448,0.0015775014796494099,0.215234842366701*x15 + 0.049538213586486*x17**2 + 4.06547208568099*sqrt(x18) - 1.0961523*x18 + 1.0961523*sqrt(x20) + 1.0961523*sqrt(x22) + 3.5404349099625*x25**(1/4) + 4.4617355719803*sqrt(x27) - 1.0961523*x27 + 5.51439638524935*sqrt(x28) - 1.0129927057605*x28 - 0.049538213586486*x34 - 1.0961523*sqrt(x53) - 1.0961523*sqrt(x55) - 1.29732477099084*sqrt(x57) - 1.0961523*sqrt(x59) - 5.51439638524935*sqrt(x61) + 1.04325100346493*x61 + 4.41824408524935*x64 + 1.0961523*x65 - 1.0961523*sqrt(x51 + x64) + 0.049538213586486*Abs(x26) - 2.35026287779429,PySRFunction(X=>0.215234842366701*x15 + 0.049538213586486*x17**2 + 4.06547208568099*sqrt(x18) - 1.0961523*x18 + 1.0961523*sqrt(x20) + 1.0961523*sqrt(x22) + 3.5404349099625*x25**(1/4) + 4.4617355719803*sqrt(x27) - 1.0961523*x27 + 5.51439638524935*sqrt(x28) - 1.0129927057605*x28 - 0.049538213586486*x34 - 1.0961523*sqrt(x53) - 1.0961523*sqrt(x55) - 1.29732477099084*sqrt(x57) - 1.0961523*sqrt(x59) - 5.51439638524935*sqrt(x61) + 1.04325100346493*x61 + 4.41824408524935*x64 + 1.0961523*x65 - 1.0961523*sqrt(x51 + x64) + 0.049538213586486*Abs(x26) - 2.35026287779429)
127,13.086368,((((((sqrt(x18 / 0.48376817) - sqrt(x59)) + x28) - sqrt(x57)) - (x18 - (sqrt(x22) + ((((((sqrt(x28) + x64) - (sqrt(x61) + (x55 * -0.039835144))) * 5.495802) - sqrt(x53)) - 2.8463707) - ((x61 * -1.0958124) - (x28 * -2.8089733)))))) + (((sqrt(x27 * x33) + (sqrt(x18) + (((x28 + (sqrt(x18 / 0.521061) + ((((x28 - sqrt(x55)) - (x11 * -0.54831445)) + (sqrt(sqrt(x27)) * 3.33952)) + sqrt(x20)))) - sqrt(x59)) - sqrt(x55)))) - -1.3362505) - (x27 - ((((-0.37282327 / ((x24 + 0.14146146) - square(-0.31282073 - x23))) - ((x61 * -1.1454357) - (x28 * -2.618164))) + ((5.386463 - sqrt(sqrt(x48))) * ((1.7397562 - sqrt(x61)) + sqrt(x28)))) - sqrt(x51))))) * 0.7573556) + -3.2944772,0.00020731386789264622,0.41526901926842*x11 + 2.89543196211655*sqrt(x18) - 0.7573556*x18 + 0.7573556*sqrt(x20) + 0.7573556*sqrt(x22) + 2.529204173312*x27**(1/4) - 0.7573556*x27 + 4.1622764211912*sqrt(x28) - 1.83820602612388*x28 - 0.7573556*sqrt(x51) - 0.7573556*sqrt(x53) - 1.5147112*sqrt(x55) + 0.165804880605956*x55 - 0.7573556*sqrt(x57) - 1.5147112*sqrt(x59) - 4.1622764211912*sqrt(x61) + 1.69742179952436*x61 + 4.1622764211912*x64 + 0.7573556*sqrt(x27*x33) + 0.7573556*(5.386463 - x48**(1/4))*(sqrt(x28) - sqrt(x61) + 1.7397562) - 4.43817519014312 - 0.282359791344812/(x24 - (-x23 - 0.31282073)**2 + 0.14146146),PySRFunction(X=>0.41526901926842*x11 + 2.89543196211655*sqrt(x18) - 0.7573556*x18 + 0.7573556*sqrt(x20) + 0.7573556*sqrt(x22) + 2.529204173312*x27**(1/4) - 0.7573556*x27 + 4.1622764211912*sqrt(x28) - 1.83820602612388*x28 - 0.7573556*sqrt(x51) - 0.7573556*sqrt(x53) - 1.5147112*sqrt(x55) + 0.165804880605956*x55 - 0.7573556*sqrt(x57) - 1.5147112*sqrt(x59) - 4.1622764211912*sqrt(x61) + 1.69742179952436*x61 + 4.1622764211912*x64 + 0.7573556*sqrt(x27*x33) + 0.7573556*(5.386463 - x48**(1/4))*(sqrt(x28) - sqrt(x61) + 1.7397562) - 4.43817519014312 - 0.282359791344812/(x24 - (-x23 - 0.31282073)**2 + 0.14146146))
129,13.030802,(((((((sqrt(x18 / 0.48376817) - sqrt(x59)) + x28) - sqrt(x57)) - (x18 - (sqrt(x22) + (((((sqrt(x28) + (x64 - (sqrt(x61) + (x55 * -0.039835144)))) * 5.495802) - sqrt(x53)) - 2.8463707) - ((x61 * -1.0958124) - (x28 * -2.8089733)))))) + (((sqrt(x27 * x33) + (sqrt(x18) + (((x28 + (sqrt(x18 / 0.521061) + ((((x28 - sqrt(x55)) - (x11 * -0.54831445)) + (sqrt(sqrt(x27)) * 3.33952)) + sqrt(x20)))) - sqrt(x59)) - sqrt(x55)))) - -1.3362505) - (x27 - ((((-0.37282327 / ((x24 + 0.14146146) - square(-0.31282073 - x23))) - ((x61 * -1.1454357) - (x28 * -2.618164))) + ((5.386463 - sqrt(sqrt(x48))) * ((1.7397562 - sqrt(x61)) + sqrt(x28)))) - sqrt(x51))))) * 0.7573556) + -3.2944772) - 0.15868387,0.002127569098824227,0.41526901926842*x11 + 2.89543196211655*sqrt(x18) - 0.7573556*x18 + 0.7573556*sqrt(x20) + 0.7573556*sqrt(x22) + 2.529204173312*x27**(1/4) - 0.7573556*x27 + 4.1622764211912*sqrt(x28) - 1.83820602612388*x28 - 0.7573556*sqrt(x51) - 0.7573556*sqrt(x53) - 1.5147112*sqrt(x55) + 0.165804880605956*x55 - 0.7573556*sqrt(x57) - 1.5147112*sqrt(x59) - 4.1622764211912*sqrt(x61) + 1.69742179952436*x61 + 4.1622764211912*x64 + 0.7573556*sqrt(x27*x33) + 0.7573556*(5.386463 - x48**(1/4))*(sqrt(x28) - sqrt(x61) + 1.7397562) - 4.59685906014312 - 0.282359791344812/(x24 - (-x23 - 0.31282073)**2 + 0.14146146),PySRFunction(X=>0.41526901926842*x11 + 2.89543196211655*sqrt(x18) - 0.7573556*x18 + 0.7573556*sqrt(x20) + 0.7573556*sqrt(x22) + 2.529204173312*x27**(1/4) - 0.7573556*x27 + 4.1622764211912*sqrt(x28) - 1.83820602612388*x28 - 0.7573556*sqrt(x51) - 0.7573556*sqrt(x53) - 1.5147112*sqrt(x55) + 0.165804880605956*x55 - 0.7573556*sqrt(x57) - 1.5147112*sqrt(x59) - 4.1622764211912*sqrt(x61) + 1.69742179952436*x61 + 4.1622764211912*x64 + 0.7573556*sqrt(x27*x33) + 0.7573556*(5.386463 - x48**(1/4))*(sqrt(x28) - sqrt(x61) + 1.7397562) - 4.59685906014312 - 0.282359791344812/(x24 - (-x23 - 0.31282073)**2 + 0.14146146))
133,12.92212,((((((sqrt(x18 / 0.48376817) - sqrt(x59)) + x28) + (((x65 + (sqrt(x27 * 3.251018) + sqrt(x18))) + ((((((sqrt(x20) + x28) + ((x28 - sqrt(x55)) - (x11 * -0.38778913))) + ((sqrt(sqrt(x27)) * 3.33952) + (sqrt(x18 / 0.521061) - (x64 - 0.30302143)))) - sqrt(x59)) - sqrt(x55)) - -1.3362505)) - (x27 - ((((-0.37282327 / ((0.14146146 - square(-0.31282073 - x23)) + x24)) - ((x61 * -1.1196746) - (x28 * -2.618164))) + ((5.386463 - sqrt(sqrt(x48))) * (sqrt(x28) + (1.7397562 - sqrt(x61))))) - sqrt(x51))))) - sqrt(x57)) - (x18 - ((((sqrt(x22) + ((sqrt(x28) + (x64 - (sqrt(x61) + (x55 * -0.039835144)))) * 5.495802)) - sqrt(x53)) - 2.8463707) - ((x61 * -1.0958124) - (x28 * -2.8089733))))) * 0.7573556) + -3.0534084,0.0020938419825525635,0.293694269224628*x11 + 2.89543196211655*sqrt(x18) - 0.7573556*x18 + 0.7573556*sqrt(x20) + 0.7573556*sqrt(x22) + 2.529204173312*x27**(1/4) + 1.36555604163537*sqrt(x27) - 0.7573556*x27 + 4.1622764211912*sqrt(x28) - 1.83820602612388*x28 - 0.7573556*sqrt(x51) - 0.7573556*sqrt(x53) - 1.5147112*sqrt(x55) + 0.165804880605956*x55 - 0.7573556*sqrt(x57) - 1.5147112*sqrt(x59) - 4.1622764211912*sqrt(x61) + 1.6779114861772*x61 + 3.4049208211912*x64 + 0.7573556*x65 + 0.7573556*(5.386463 - x48**(1/4))*(sqrt(x28) - sqrt(x61) + 1.7397562) - 3.96761141321261 - 0.282359791344812/(x24 - (-x23 - 0.31282073)**2 + 0.14146146),PySRFunction(X=>0.293694269224628*x11 + 2.89543196211655*sqrt(x18) - 0.7573556*x18 + 0.7573556*sqrt(x20) + 0.7573556*sqrt(x22) + 2.529204173312*x27**(1/4) + 1.36555604163537*sqrt(x27) - 0.7573556*x27 + 4.1622764211912*sqrt(x28) - 1.83820602612388*x28 - 0.7573556*sqrt(x51) - 0.7573556*sqrt(x53) - 1.5147112*sqrt(x55) + 0.165804880605956*x55 - 0.7573556*sqrt(x57) - 1.5147112*sqrt(x59) - 4.1622764211912*sqrt(x61) + 1.6779114861772*x61 + 3.4049208211912*x64 + 0.7573556*x65 + 0.7573556*(5.386463 - x48**(1/4))*(sqrt(x28) - sqrt(x61) + 1.7397562) - 3.96761141321261 - 0.282359791344812/(x24 - (-x23 - 0.31282073)**2 + 0.14146146))
134,12.869837,((((((sqrt(x18 / 0.48376817) - sqrt(x59)) + x28) + (((x65 + (sqrt(x27 * 3.251018) + sqrt(x18))) + ((((((sqrt(x20) + x28) + ((x28 - sqrt(x55)) - (x11 * -0.38778913))) + ((sqrt(sqrt(x27)) * 3.33952) + (sqrt(x18 / 0.521061) - (x64 - 0.30302143)))) - sqrt(x59)) - sqrt(x55)) - -1.3362505)) - (x27 - ((((-0.37282327 / ((0.14146146 - square(-0.31282073 - x23)) + abs(x25))) - ((x61 * -1.1196746) - (x28 * -2.618164))) + ((5.386463 - sqrt(sqrt(x48))) * (sqrt(x28) + (1.7397562 - sqrt(x61))))) - sqrt(x51))))) - sqrt(x57)) - (x18 - ((((sqrt(x22) + ((sqrt(x28) + (x64 - (sqrt(x61) + (x55 * -0.039835144)))) * 5.495802)) - sqrt(x53)) - 2.8463707) - ((x61 * -1.0958124) - (x28 * -2.8089733))))) * 0.7573556) + -3.0534084,0.004054215165847258,0.293694269224628*x11 + 2.89543196211655*sqrt(x18) - 0.7573556*x18 + 0.7573556*sqrt(x20) + 0.7573556*sqrt(x22) + 2.529204173312*x27**(1/4) + 1.36555604163537*sqrt(x27) - 0.7573556*x27 + 4.1622764211912*sqrt(x28) - 1.83820602612388*x28 - 0.7573556*sqrt(x51) - 0.7573556*sqrt(x53) - 1.5147112*sqrt(x55) + 0.165804880605956*x55 - 0.7573556*sqrt(x57) - 1.5147112*sqrt(x59) - 4.1622764211912*sqrt(x61) + 1.6779114861772*x61 + 3.4049208211912*x64 + 0.7573556*x65 + 0.7573556*(5.386463 - x48**(1/4))*(sqrt(x28) - sqrt(x61) + 1.7397562) - 3.96761141321261 - 0.282359791344812/(-(-x23 - 0.31282073)**2 + Abs(x25) + 0.14146146),PySRFunction(X=>0.293694269224628*x11 + 2.89543196211655*sqrt(x18) - 0.7573556*x18 + 0.7573556*sqrt(x20) + 0.7573556*sqrt(x22) + 2.529204173312*x27**(1/4) + 1.36555604163537*sqrt(x27) - 0.7573556*x27 + 4.1622764211912*sqrt(x28) - 1.83820602612388*x28 - 0.7573556*sqrt(x51) - 0.7573556*sqrt(x53) - 1.5147112*sqrt(x55) + 0.165804880605956*x55 - 0.7573556*sqrt(x57) - 1.5147112*sqrt(x59) - 4.1622764211912*sqrt(x61) + 1.6779114861772*x61 + 3.4049208211912*x64 + 0.7573556*x65 + 0.7573556*(5.386463 - x48**(1/4))*(sqrt(x28) - sqrt(x61) + 1.7397562) - 3.96761141321261 - 0.282359791344812/(-(-x23 - 0.31282073)**2 + Abs(x25) + 0.14146146))
135,12.797717,((((((sqrt(x18 / 0.48376817) - sqrt(x59)) + x28) + ((((x65 + (sqrt(x27 * 3.251018) + sqrt(x18))) + (((((sqrt(x20) + x28) + ((x28 - sqrt(x55)) - (x11 * -0.38778913))) + ((sqrt(sqrt(x27)) * 3.33952) + (sqrt(x18 / 0.521061) - (x64 - 0.30302143)))) - sqrt(x59)) - sqrt(x55))) - -1.3362505) - ((x27 - ((((-0.37282327 / ((0.14146146 - square(-0.31282073 - x23)) + x24)) - ((x61 * -1.1196746) - (x28 * -2.618164))) + ((5.386463 - sqrt(sqrt(x48))) * (sqrt(x28) + (1.7397562 - sqrt(x61))))) - sqrt(x51))) * 0.86161476))) - sqrt(x57)) - (x18 - ((((sqrt(x22) + ((sqrt(x28) + (x64 - (sqrt(x61) + (x55 * -0.039835144)))) * 5.495802)) - sqrt(x53)) - 2.8463707) - ((x61 * -1.0958124) - (x28 * -2.8089733))))) * 0.7573556) + -2.8891792,0.005619560772520364,0.293694269224628*x11 + 2.89543196211655*sqrt(x18) - 0.7573556*x18 + 0.7573556*sqrt(x20) + 0.7573556*sqrt(x22) + 2.529204173312*x27**(1/4) + 1.36555604163537*sqrt(x27) - 0.652548763528656*x27 + 4.1622764211912*sqrt(x28) - 1.56380453992072*x28 - 0.652548763528656*sqrt(x51) - 0.7573556*sqrt(x53) - 1.5147112*sqrt(x55) + 0.165804880605956*x55 - 0.7573556*sqrt(x57) - 1.5147112*sqrt(x59) - 4.1622764211912*sqrt(x61) + 1.56056193347388*x61 + 3.4049208211912*x64 + 0.7573556*x65 + 0.652548763528656*(5.386463 - x48**(1/4))*(sqrt(x28) - sqrt(x61) + 1.7397562) - 3.80338221321261 - 0.24328536385321/(x24 - (-x23 - 0.31282073)**2 + 0.14146146),PySRFunction(X=>0.293694269224628*x11 + 2.89543196211655*sqrt(x18) - 0.7573556*x18 + 0.7573556*sqrt(x20) + 0.7573556*sqrt(x22) + 2.529204173312*x27**(1/4) + 1.36555604163537*sqrt(x27) - 0.652548763528656*x27 + 4.1622764211912*sqrt(x28) - 1.56380453992072*x28 - 0.652548763528656*sqrt(x51) - 0.7573556*sqrt(x53) - 1.5147112*sqrt(x55) + 0.165804880605956*x55 - 0.7573556*sqrt(x57) - 1.5147112*sqrt(x59) - 4.1622764211912*sqrt(x61) + 1.56056193347388*x61 + 3.4049208211912*x64 + 0.7573556*x65 + 0.652548763528656*(5.386463 - x48**(1/4))*(sqrt(x28) - sqrt(x61) + 1.7397562) - 3.80338221321261 - 0.24328536385321/(x24 - (-x23 - 0.31282073)**2 + 0.14146146))
143,12.763736,(((((((x65 + ((sqrt(x27 * 3.251018) + sqrt(x18)) + (((x28 + (sqrt(x20) + (((((x28 - sqrt(x55)) - (x11 * -0.38778913)) + (sqrt(sqrt(x27)) * 3.33952)) + (sqrt(x18 / 0.521061) - (x64 - (((0.22666529 - x56) * 0.10500161) + 0.42685)))) - sqrt(x59)))) - sqrt(x55)) - -1.3362505))) - ((x27 - (((-0.37282327 / ((0.14146146 - square(-0.31282073 - x23)) + x24)) - ((x61 * -1.1454357) - (x28 * -2.618164))) + (((5.386463 - sqrt(sqrt(x48))) * (sqrt(x28) + (1.7397562 - sqrt(x61)))) - sqrt(x51)))) * 0.86161476)) + (sqrt(x18 / 0.48376817) - sqrt(x59))) + x28) - sqrt(x57)) - (x18 - (((sqrt(x22) + ((((sqrt(x28) + x64) - (sqrt(x61) + (x55 * -0.039835144))) * 5.495802) - sqrt(x53))) - 2.8463707) - ((x61 * -1.0958124) - (-2.8089733 * x28))))) * 0.7573556) + (-3.1485438 + 0.09513544),0.00033234632649611136,0.293694269224628*x11 + 2.89543196211655*sqrt(x18) - 0.7573556*x18 + 0.7573556*sqrt(x20) + 0.7573556*sqrt(x22) + 2.529204173312*x27**(1/4) + 1.36555604163537*sqrt(x27) - 0.652548763528656*x27 + 4.1622764211912*sqrt(x28) - 1.56380453992072*x28 - 0.652548763528656*sqrt(x51) - 0.7573556*sqrt(x53) - 1.5147112*sqrt(x55) + 0.165804880605956*x55 - 0.079523557342516*x56 - 0.7573556*sqrt(x57) - 1.5147112*sqrt(x59) - 4.1622764211912*sqrt(x61) + 1.57737230742602*x61 + 3.4049208211912*x64 + 0.7573556*x65 + 0.652548763528656*(5.386463 - x48**(1/4))*(sqrt(x28) - sqrt(x61) + 1.7397562) - 3.85580388209625 - 0.24328536385321/(x24 - (-x23 - 0.31282073)**2 + 0.14146146),PySRFunction(X=>0.293694269224628*x11 + 2.89543196211655*sqrt(x18) - 0.7573556*x18 + 0.7573556*sqrt(x20) + 0.7573556*sqrt(x22) + 2.529204173312*x27**(1/4) + 1.36555604163537*sqrt(x27) - 0.652548763528656*x27 + 4.1622764211912*sqrt(x28) - 1.56380453992072*x28 - 0.652548763528656*sqrt(x51) - 0.7573556*sqrt(x53) - 1.5147112*sqrt(x55) + 0.165804880605956*x55 - 0.079523557342516*x56 - 0.7573556*sqrt(x57) - 1.5147112*sqrt(x59) - 4.1622764211912*sqrt(x61) + 1.57737230742602*x61 + 3.4049208211912*x64 + 0.7573556*x65 + 0.652548763528656*(5.386463 - x48**(1/4))*(sqrt(x28) - sqrt(x61) + 1.7397562) - 3.85580388209625 - 0.24328536385321/(x24 - (-x23 - 0.31282073)**2 + 0.14146146))
148,12.6780205,(((((x28 + (sqrt(x18 / 0.48376817) - sqrt(x59))) - sqrt(x57)) + (((((x65 + ((((sqrt(x27) * 3.251018) + sqrt(x18)) + x28) + sqrt(x20))) + ((((x28 - sqrt(x55)) - (x11 * -0.38778913)) + (((sqrt(sqrt(x27)) * 3.33952) + sqrt(x18 / 0.49927282)) - (x64 - ((1.1048343 - ((x41 - -0.26424688) + ((x27 - sqrt(x16)) * x5))) * 0.15598004)))) - sqrt(x59))) - sqrt(x55)) - -1.3362505) - (x27 - (((((-0.37282327 / ((0.14146146 - square(x26 - -0.28208506)) + x24)) - ((x61 * -1.1454357) - (x28 * -2.618164))) + ((5.386463 - sqrt(sqrt(x48))) * ((sqrt(x28) + 1.7397562) - sqrt(x61)))) - sqrt(x51)) * 0.86161476)))) - (x18 - (sqrt(x22) + ((((((sqrt(x28) + x64) - (sqrt(x61) + (x55 * -0.039835144))) * 5.495802) - sqrt(x53)) - 2.8463707) - ((x61 * -1.0958124) - (x28 * -2.8089733)))))) * 0.7573556) + -3.3046107,0.0013476400391448362,0.293694269224628*x11 + 2.91808081281371*sqrt(x18) - 0.7573556*x18 + 0.7573556*sqrt(x20) + 0.7573556*sqrt(x22) + 2.529204173312*x27**(1/4) + 2.4621766880008*sqrt(x27) - 0.7573556*x27 + 4.1622764211912*sqrt(x28) - 1.56380453992072*x28 - 0.118132356782224*x41 - 0.118132356782224*x5*(-sqrt(x16) + x27) - 0.652548763528656*sqrt(x51) - 0.7573556*sqrt(x53) - 1.5147112*sqrt(x55) + 0.165804880605956*x55 - 0.7573556*sqrt(x57) - 1.5147112*sqrt(x59) - 4.1622764211912*sqrt(x61) + 1.57737230742602*x61 + 3.4049208211912*x64 + 0.7573556*x65 + 0.652548763528656*(5.386463 - x48**(1/4))*(sqrt(x28) - sqrt(x61) + 1.7397562) - 4.34900811713703 - 0.24328536385321/(x24 - (x26 + 0.28208506)**2 + 0.14146146),PySRFunction(X=>0.293694269224628*x11 + 2.91808081281371*sqrt(x18) - 0.7573556*x18 + 0.7573556*sqrt(x20) + 0.7573556*sqrt(x22) + 2.529204173312*x27**(1/4) + 2.4621766880008*sqrt(x27) - 0.7573556*x27 + 4.1622764211912*sqrt(x28) - 1.56380453992072*x28 - 0.118132356782224*x41 - 0.118132356782224*x5*(-sqrt(x16) + x27) - 0.652548763528656*sqrt(x51) - 0.7573556*sqrt(x53) - 1.5147112*sqrt(x55) + 0.165804880605956*x55 - 0.7573556*sqrt(x57) - 1.5147112*sqrt(x59) - 4.1622764211912*sqrt(x61) + 1.57737230742602*x61 + 3.4049208211912*x64 + 0.7573556*x65 + 0.652548763528656*(5.386463 - x48**(1/4))*(sqrt(x28) - sqrt(x61) + 1.7397562) - 4.34900811713703 - 0.24328536385321/(x24 - (x26 + 0.28208506)**2 + 0.14146146))
150,12.613411,((((((x65 + ((sqrt(x27) * 3.251018) + (sqrt(x18) + (((x28 + (((sqrt(x20) + ((x28 - sqrt(x55)) - (x11 * -0.38778913))) + (((sqrt(sqrt(x27)) * 3.33952) + sqrt(x18 / 0.521061)) - (x64 - (((-3.6560526 - (x41 + ((x27 - sqrt(x16)) * (x5 - -1.3975835)))) * 0.10500161) + 0.39283004)))) - sqrt(x59))) - sqrt(x55)) - -1.3362505)))) - (x27 - ((((-0.37282327 / ((0.14146146 - square(-0.31282073 - x23)) + x24)) - ((x61 * -1.1454357) - (x28 * -2.618164))) + (((5.386463 - sqrt(sqrt(x48))) * (sqrt(x28) + (1.7397562 - sqrt(x61)))) - sqrt(x51))) * 0.86161476))) + ((sqrt(x18 / 0.48376817) - sqrt(x59)) + x28)) - sqrt(x57)) - (x18 - (((sqrt(x22) + (((sqrt(x28) + (x64 - (sqrt(x61) + (x55 * -0.039835144)))) * 5.495802) - sqrt(x53))) - 2.8463707) - ((x61 * -1.0958124) - (x28 * -2.8089733))))) * 0.7573556) + -3.3046107,0.0025546059165288655,0.293694269224628*x11 + 2.89543196211655*sqrt(x18) - 0.7573556*x18 + 0.7573556*sqrt(x20) + 0.7573556*sqrt(x22) + 2.529204173312*x27**(1/4) + 2.4621766880008*sqrt(x27) - 0.7573556*x27 + 4.1622764211912*sqrt(x28) - 1.56380453992072*x28 - 0.079523557342516*x41 - 0.652548763528656*sqrt(x51) - 0.7573556*sqrt(x53) - 1.5147112*sqrt(x55) + 0.165804880605956*x55 - 0.7573556*sqrt(x57) - 1.5147112*sqrt(x59) - 4.1622764211912*sqrt(x61) + 1.57737230742602*x61 + 3.4049208211912*x64 + 0.7573556*x65 + 0.652548763528656*(5.386463 - x48**(1/4))*(sqrt(x28) - sqrt(x61) + 1.7397562) - 0.079523557342516*(-sqrt(x16) + x27)*(x5 + 1.3975835) - 4.44153896808425 - 0.24328536385321/(x24 - (-x23 - 0.31282073)**2 + 0.14146146),PySRFunction(X=>0.293694269224628*x11 + 2.89543196211655*sqrt(x18) - 0.7573556*x18 + 0.7573556*sqrt(x20) + 0.7573556*sqrt(x22) + 2.529204173312*x27**(1/4) + 2.4621766880008*sqrt(x27) - 0.7573556*x27 + 4.1622764211912*sqrt(x28) - 1.56380453992072*x28 - 0.079523557342516*x41 - 0.652548763528656*sqrt(x51) - 0.7573556*sqrt(x53) - 1.5147112*sqrt(x55) + 0.165804880605956*x55 - 0.7573556*sqrt(x57) - 1.5147112*sqrt(x59) - 4.1622764211912*sqrt(x61) + 1.57737230742602*x61 + 3.4049208211912*x64 + 0.7573556*x65 + 0.652548763528656*(5.386463 - x48**(1/4))*(sqrt(x28) - sqrt(x61) + 1.7397562) - 0.079523557342516*(-sqrt(x16) + x27)*(x5 + 1.3975835) - 4.44153896808425 - 0.24328536385321/(x24 - (-x23 - 0.31282073)**2 + 0.14146146))
155,12.556333,(((((x65 + (((((sqrt(x27) * 3.251018) + sqrt(x18)) + x28) + sqrt(x20)) + (((((((x28 - sqrt(x55)) - (x11 * -0.38778913)) + ((sqrt(sqrt(x27)) * 3.33952) + sqrt(x18 / 0.49927282))) - (x64 - ((((sqrt(x28) * -3.6560526) - ((x41 - -0.26424688) + ((x27 - sqrt(x16)) * (x5 - -1.3975835)))) * 0.10500161) + 0.42685))) - sqrt(x59)) - sqrt(x55)) - -1.3362505))) - (x27 - ((((-0.37282327 / ((0.14146146 - square(-0.31282073 - x23)) + x24)) - ((x61 * -1.1454357) - (x28 * -2.618164))) + (((5.386463 - sqrt(sqrt(x48))) * (sqrt(x28) + (1.7397562 - sqrt(x61)))) - sqrt(x51))) * 0.86161476))) + (((x28 + sqrt(x18 / 0.48376817)) - sqrt(x59)) - sqrt(x57))) - (x18 - ((sqrt(x22) + (((((sqrt(x28) + x64) - (sqrt(x61) + (x55 * -0.039835144))) * 5.495802) - sqrt(x53)) - 2.8463707)) - ((x61 * -1.0958124) - (x28 * -2.8089733))))) * 0.7573556) + -3.3046107,0.0009070906377556589,0.293694269224628*x11 + 2.91808081281371*sqrt(x18) - 0.7573556*x18 + 0.7573556*sqrt(x20) + 0.7573556*sqrt(x22) + 2.529204173312*x27**(1/4) + 2.4621766880008*sqrt(x27) - 0.7573556*x27 + 3.87153411260785*sqrt(x28) - 1.56380453992072*x28 - 0.079523557342516*x41 - 0.652548763528656*sqrt(x51) - 0.7573556*sqrt(x53) - 1.5147112*sqrt(x55) + 0.165804880605956*x55 - 0.7573556*sqrt(x57) - 1.5147112*sqrt(x59) - 4.1622764211912*sqrt(x61) + 1.57737230742602*x61 + 3.4049208211912*x64 + 0.7573556*x65 + 0.652548763528656*(5.386463 - x48**(1/4))*(sqrt(x28) - sqrt(x61) + 1.7397562) - 0.079523557342516*(-sqrt(x16) + x27)*(x5 + 1.3975835) - 4.14604530419738 - 0.24328536385321/(x24 - (-x23 - 0.31282073)**2 + 0.14146146),PySRFunction(X=>0.293694269224628*x11 + 2.91808081281371*sqrt(x18) - 0.7573556*x18 + 0.7573556*sqrt(x20) + 0.7573556*sqrt(x22) + 2.529204173312*x27**(1/4) + 2.4621766880008*sqrt(x27) - 0.7573556*x27 + 3.87153411260785*sqrt(x28) - 1.56380453992072*x28 - 0.079523557342516*x41 - 0.652548763528656*sqrt(x51) - 0.7573556*sqrt(x53) - 1.5147112*sqrt(x55) + 0.165804880605956*x55 - 0.7573556*sqrt(x57) - 1.5147112*sqrt(x59) - 4.1622764211912*sqrt(x61) + 1.57737230742602*x61 + 3.4049208211912*x64 + 0.7573556*x65 + 0.652548763528656*(5.386463 - x48**(1/4))*(sqrt(x28) - sqrt(x61) + 1.7397562) - 0.079523557342516*(-sqrt(x16) + x27)*(x5 + 1.3975835) - 4.14604530419738 - 0.24328536385321/(x24 - (-x23 - 0.31282073)**2 + 0.14146146))
161,12.492808,((((((((x65 + ((sqrt(x27) * 3.251018) + (sqrt(x18) + (((x28 + ((sqrt(x20) + (((x28 - sqrt(x55)) - (x11 * -0.38778913)) + (((sqrt(sqrt(x27)) * 3.317358) + 0.02216196) + (sqrt(x18 / 0.521061) - ((x64 - (((sqrt(x37 * 0.9770191) * -3.6560526) - (x41 + ((x27 - sqrt(x16)) * (x5 - -1.3975835)))) * 0.10500161)) + 0.42685))))) - sqrt(x59))) - sqrt(x55)) - -1.3362505)))) - (x27 - (((((-0.37282327 / ((0.14146146 - square(-0.31282073 - x23)) + x24)) - ((x61 * -1.1454357) - (x28 * -2.618164))) + ((5.386463 - sqrt(sqrt(x48))) * (sqrt(x28) + (1.7397562 - sqrt(x61))))) - sqrt(x51)) * 0.86161476))) + ((sqrt(x18 / 0.48376817) - sqrt(x59)) + x28)) - sqrt(x57)) - (x18 - (((sqrt(x22) + ((((sqrt(x28) + x64) - (sqrt(x61) + (x55 * -0.039835144))) * 5.495802) - sqrt(x53))) - 2.8463707) - ((x61 * -1.0958124) - (x28 * -2.8089733))))) * 0.7573556) + -3.1485438) - -0.17720672) + 0.6251324,0.000845340181323859,0.293694269224628*x11 + 2.89543196211655*sqrt(x18) - 0.7573556*x18 + 0.7573556*sqrt(x20) + 0.7573556*sqrt(x22) + 2.5124196585048*x27**(1/4) + 2.4621766880008*sqrt(x27) - 0.7573556*x27 + 4.1622764211912*sqrt(x28) - 1.56380453992072*x28 - 0.287382131445553*sqrt(x37) - 0.079523557342516*x41 - 0.652548763528656*sqrt(x51) - 0.7573556*sqrt(x53) - 1.5147112*sqrt(x55) + 0.165804880605956*x55 - 0.7573556*sqrt(x57) - 1.5147112*sqrt(x59) - 4.1622764211912*sqrt(x61) + 1.57737230742602*x61 + 3.4049208211912*x64 + 0.7573556*x65 + 0.652548763528656*(5.386463 - x48**(1/4))*(sqrt(x28) - sqrt(x61) + 1.7397562) - 0.079523557342516*(-sqrt(x16) + x27)*(x5 + 1.3975835) - 3.79639542349014 - 0.24328536385321/(x24 - (-x23 - 0.31282073)**2 + 0.14146146),PySRFunction(X=>0.293694269224628*x11 + 2.89543196211655*sqrt(x18) - 0.7573556*x18 + 0.7573556*sqrt(x20) + 0.7573556*sqrt(x22) + 2.5124196585048*x27**(1/4) + 2.4621766880008*sqrt(x27) - 0.7573556*x27 + 4.1622764211912*sqrt(x28) - 1.56380453992072*x28 - 0.287382131445553*sqrt(x37) - 0.079523557342516*x41 - 0.652548763528656*sqrt(x51) - 0.7573556*sqrt(x53) - 1.5147112*sqrt(x55) + 0.165804880605956*x55 - 0.7573556*sqrt(x57) - 1.5147112*sqrt(x59) - 4.1622764211912*sqrt(x61) + 1.57737230742602*x61 + 3.4049208211912*x64 + 0.7573556*x65 + 0.652548763528656*(5.386463 - x48**(1/4))*(sqrt(x28) - sqrt(x61) + 1.7397562) - 0.079523557342516*(-sqrt(x16) + x27)*(x5 + 1.3975835) - 3.79639542349014 - 0.24328536385321/(x24 - (-x23 - 0.31282073)**2 + 0.14146146))
165,12.333615,sqrt(x18) + ((sqrt(x27 * 3.5079508) + ((((((((sqrt(x20) + (((sqrt(sqrt(x27)) * 3.5271938) + sqrt(x18 / 0.4871661)) + (((x28 - sqrt(x55)) - (x11 * -0.47625268)) - (x64 - (((x13 - (x41 + ((x27 - ((x17 - (x23 * -0.7928286)) + (1.2495971 - sqrt(x51)))) * 3.5079253))) - (sqrt(x23 + x1) * (-0.34937948 - (x28 * -2.0277603)))) * 0.128553))))) - sqrt(x59)) + ((x28 - sqrt(x55)) - -1.3814055)) - ((x27 - ((((-0.5144485 / (0.19832955 - (x24 + 0.14815024))) - ((x61 / -1.0636897) - (x28 * -2.501271))) - sqrt(x56 + x50)) + (((sqrt(x28) + 1.1880615) - (sqrt(x61) - sqrt(x3))) * (5.439051 - sqrt(sqrt(x48)))))) * 0.47326052)) + sqrt(x18 / 0.45225975)) - sqrt(x59)) + ((x28 - sqrt(x57)) - (x18 - ((((sqrt(x28) + (x64 - (sqrt(x61) + (x55 * -0.025527716)))) * 5.2521086) - sqrt(x53)) + ((sqrt(x22) - 2.8011136) - ((x61 * -0.9394639) - (x28 * -2.8809488))))))) * 0.80706704)) + -2.876455),0.003206164293000309,0.384367840739667*x11 + 0.10375088919312*x13 + 0.363950369098042*x17 + 3.35639652398272*sqrt(x18) - 0.80706704*x18 + 0.80706704*sqrt(x20) + 0.80706704*sqrt(x22) + 0.288550261601484*x23 + 2.84668185967235*x27**(1/4) + 1.87295242865376*sqrt(x27) - 0.745903336123303*x27 + 4.23880374156054*sqrt(x28) - 0.859285580191793*x28 - 0.10375088919312*x41 - 0.363950369098042*sqrt(x51) - 0.80706704*sqrt(x53) - 1.61413408*sqrt(x55) + 0.108206978094295*x55 - 0.80706704*sqrt(x57) - 1.61413408*sqrt(x59) - 4.23880374156054*sqrt(x61) + 1.11729342274092*x61 + 3.43173670156054*x64 + 0.381952967025261*(5.439051 - x48**(1/4))*(sqrt(x28) + sqrt(x3) - sqrt(x61) + 1.1880615) - 0.10375088919312*sqrt(x1 + x23)*(2.0277603*x28 - 0.34937948) - 0.381952967025261*sqrt(x50 + x56) - 3.56746328816218 - 0.196495130956695/(0.05017931 - x24),PySRFunction(X=>0.384367840739667*x11 + 0.10375088919312*x13 + 0.363950369098042*x17 + 3.35639652398272*sqrt(x18) - 0.80706704*x18 + 0.80706704*sqrt(x20) + 0.80706704*sqrt(x22) + 0.288550261601484*x23 + 2.84668185967235*x27**(1/4) + 1.87295242865376*sqrt(x27) - 0.745903336123303*x27 + 4.23880374156054*sqrt(x28) - 0.859285580191793*x28 - 0.10375088919312*x41 - 0.363950369098042*sqrt(x51) - 0.80706704*sqrt(x53) - 1.61413408*sqrt(x55) + 0.108206978094295*x55 - 0.80706704*sqrt(x57) - 1.61413408*sqrt(x59) - 4.23880374156054*sqrt(x61) + 1.11729342274092*x61 + 3.43173670156054*x64 + 0.381952967025261*(5.439051 - x48**(1/4))*(sqrt(x28) + sqrt(x3) - sqrt(x61) + 1.1880615) - 0.10375088919312*sqrt(x1 + x23)*(2.0277603*x28 - 0.34937948) - 0.381952967025261*sqrt(x50 + x56) - 3.56746328816218 - 0.196495130956695/(0.05017931 - x24))
168,12.206532,(sqrt(x18) + (((sqrt(x27 * 3.5079508) + ((((sqrt(x20) + ((sqrt(sqrt(x27)) * 3.5271938) + (sqrt(x18 / 0.4871661) + (((x28 - sqrt(x55)) - (x11 * -0.47625268)) - (x64 - (((x13 - (x41 + (x27 - (((x17 - (x23 * -0.7928286)) + (sqrt(x15) - sqrt(x51))) * 3.5079253)))) - (sqrt(x23 + x1) * ((-0.34937948 - x28) * -2.0277603))) * 0.128553)))))) - sqrt(x59)) + (((x28 - sqrt(x55)) - -1.3814055) - ((x27 - ((((sqrt(x28) + 1.1880615) - (sqrt(x61) - sqrt(x3))) * (5.439051 - sqrt(sqrt(x48)))) + (((-0.5144485 / (0.19832955 - (x24 + 0.14815024))) - ((x61 / -1.0636897) - (x28 * -2.501271))) - sqrt(x56 + x50)))) * 0.47326052))) + (sqrt(x18 / 0.45225975) - sqrt(x59)))) + ((x28 - sqrt(x57)) - (x18 - (((((sqrt(x28) + (x64 - (sqrt(x61) + (x55 * -0.025527716)))) * 5.2521086) - sqrt(x53)) + (sqrt(x22) - 2.8011136)) - ((x61 * -0.9394639) - (x28 * -2.8809488)))))) * 0.80706704)) + (-2.4864395 - x70),0.0034524144195342225,0.384367840739667*x11 + 0.10375088919312*x13 + 0.363950369098042*sqrt(x15) + 0.363950369098042*x17 + 3.35639652398272*sqrt(x18) - 0.80706704*x18 + 0.80706704*sqrt(x20) + 0.80706704*sqrt(x22) + 0.288550261601484*x23 + 2.84668185967235*x27**(1/4) + 1.5115981726544*sqrt(x27) - 0.485703856218381*x27 + 4.23880374156054*sqrt(x28) - 0.859285580191793*x28 - 0.10375088919312*x41 - 0.363950369098042*sqrt(x51) - 0.80706704*sqrt(x53) - 1.61413408*sqrt(x55) + 0.108206978094295*x55 - 0.80706704*sqrt(x57) - 1.61413408*sqrt(x59) - 4.23880374156054*sqrt(x61) + 1.11729342274092*x61 + 3.43173670156054*x64 - x70 + 0.381952967025261*(5.439051 - x48**(1/4))*(sqrt(x28) + sqrt(x3) - sqrt(x61) + 1.1880615) - 0.10375088919312*sqrt(x1 + x23)*(2.0277603*x28 + 0.708457839178644) - 0.381952967025261*sqrt(x50 + x56) - 3.63223911393102 - 0.196495130956695/(0.05017931 - x24),PySRFunction(X=>0.384367840739667*x11 + 0.10375088919312*x13 + 0.363950369098042*sqrt(x15) + 0.363950369098042*x17 + 3.35639652398272*sqrt(x18) - 0.80706704*x18 + 0.80706704*sqrt(x20) + 0.80706704*sqrt(x22) + 0.288550261601484*x23 + 2.84668185967235*x27**(1/4) + 1.5115981726544*sqrt(x27) - 0.485703856218381*x27 + 4.23880374156054*sqrt(x28) - 0.859285580191793*x28 - 0.10375088919312*x41 - 0.363950369098042*sqrt(x51) - 0.80706704*sqrt(x53) - 1.61413408*sqrt(x55) + 0.108206978094295*x55 - 0.80706704*sqrt(x57) - 1.61413408*sqrt(x59) - 4.23880374156054*sqrt(x61) + 1.11729342274092*x61 + 3.43173670156054*x64 - x70 + 0.381952967025261*(5.439051 - x48**(1/4))*(sqrt(x28) + sqrt(x3) - sqrt(x61) + 1.1880615) - 0.10375088919312*sqrt(x1 + x23)*(2.0277603*x28 + 0.708457839178644) - 0.381952967025261*sqrt(x50 + x56) - 3.63223911393102 - 0.196495130956695/(0.05017931 - x24))
170,12.168087,(sqrt(x18) + ((((sqrt(x27 * 3.5079508) + ((((((((sqrt(x20) + (sqrt(sqrt(x27)) * 3.5079253)) + (x13 * 0.25890073)) + ((((sqrt(x18 / 0.4871661) + x28) - sqrt(x55)) - (x11 * -0.47625268)) - (x64 - (((x13 - (x41 + ((x27 - ((x17 - (x23 * -0.7928286)) + (sqrt(x15) - sqrt(x51)))) * 3.5079253))) - (sqrt(x23 + x1) * (-2.0277603 * (-0.34937948 - x28)))) * 0.128553)))) - sqrt(x59)) + x28) - sqrt(x55)) - -1.3814055) - ((x27 - (((((sqrt(x28) + 1.1880615) - (sqrt(x61) - sqrt(x3))) * (5.439051 - sqrt(sqrt(x48)))) + ((-0.5641425 / (0.19832955 - (x24 + 0.14815024))) - ((x61 / -1.0636897) - (x28 * -2.501271)))) - sqrt(x51))) * 0.47326052))) + (sqrt(x18 / 0.45225975) - sqrt(x59))) + ((x28 - sqrt(x57)) - (x18 - (((sqrt(x22) + (((sqrt(x28) + (sqrt(x64) - (sqrt(x61) + (x55 * -0.025527716)))) * 5.2521086) - sqrt(x53))) - 2.8011136) - ((-0.9394639 * x61) - (x28 * -2.8809488)))))) * abs(-0.80706704))) + -2.5007417,0.0015772567308792239,0.384367840739667*x11 + 0.312701135008059*x13 + 0.363950369098042*sqrt(x15) + 0.363950369098042*x17 + 3.35639652398272*sqrt(x18) - 0.80706704*x18 + 0.80706704*sqrt(x20) + 0.80706704*sqrt(x22) + 0.288550261601484*x23 + 2.83113088841211*x27**(1/4) + 1.5115981726544*sqrt(x27) - 0.745903336123303*x27 + 4.23880374156054*sqrt(x28) - 0.859285580191793*x28 - 0.10375088919312*x41 - 0.745903336123303*sqrt(x51) - 0.80706704*sqrt(x53) - 1.61413408*sqrt(x55) + 0.108206978094295*x55 - 0.80706704*sqrt(x57) - 1.61413408*sqrt(x59) - 4.23880374156054*sqrt(x61) + 1.11729342274092*x61 + 4.23880374156054*sqrt(x64) - 0.80706704*x64 + 0.381952967025261*(5.439051 - x48**(1/4))*(sqrt(x28) + sqrt(x3) - sqrt(x61) + 1.1880615) - 0.10375088919312*sqrt(x1 + x23)*(2.0277603*x28 + 0.708457839178644) - 3.64654131393102 - 0.215475901700048/(0.05017931 - x24),PySRFunction(X=>0.384367840739667*x11 + 0.312701135008059*x13 + 0.363950369098042*sqrt(x15) + 0.363950369098042*x17 + 3.35639652398272*sqrt(x18) - 0.80706704*x18 + 0.80706704*sqrt(x20) + 0.80706704*sqrt(x22) + 0.288550261601484*x23 + 2.83113088841211*x27**(1/4) + 1.5115981726544*sqrt(x27) - 0.745903336123303*x27 + 4.23880374156054*sqrt(x28) - 0.859285580191793*x28 - 0.10375088919312*x41 - 0.745903336123303*sqrt(x51) - 0.80706704*sqrt(x53) - 1.61413408*sqrt(x55) + 0.108206978094295*x55 - 0.80706704*sqrt(x57) - 1.61413408*sqrt(x59) - 4.23880374156054*sqrt(x61) + 1.11729342274092*x61 + 4.23880374156054*sqrt(x64) - 0.80706704*x64 + 0.381952967025261*(5.439051 - x48**(1/4))*(sqrt(x28) + sqrt(x3) - sqrt(x61) + 1.1880615) - 0.10375088919312*sqrt(x1 + x23)*(2.0277603*x28 + 0.708457839178644) - 3.64654131393102 - 0.215475901700048/(0.05017931 - x24))
171,12.040806,(sqrt(x18) + ((((sqrt(x27 * 3.5079508) + ((((((((sqrt(x20) + (sqrt(sqrt(x27)) * 3.5079253)) + (x13 * 0.25890073)) + (((sqrt(x18 / 0.4871661) + (x28 - sqrt(x55))) - (x11 * -0.47625268)) - (x64 - (((x13 - (x41 + ((x27 - ((x17 - (x23 * -0.7928286)) + (sqrt(x15) - sqrt(x51)))) * 3.5079253))) - (sqrt(x23 + x1) * (-2.0277603 * (-0.34937948 - x28)))) * 0.128553)))) - sqrt(x59)) + x28) - sqrt(x55)) - -1.3814055) - ((x27 - (((((sqrt(x28) + 1.1880615) - (sqrt(x61) - sqrt(x3))) * (5.439051 - sqrt(sqrt(x48)))) + ((-0.5144485 / (0.19832955 - (x24 + 0.14815024))) - ((x61 / -1.0636897) - (x28 * -2.501271)))) - sqrt(x56 + x50))) * 0.47326052))) + (sqrt(x18 / 0.45225975) - sqrt(x59))) + ((x28 - sqrt(x57)) - (x18 - (((sqrt(x22) + (((sqrt(x28) + (x64 - (sqrt(x61) + (x55 * -0.025527716)))) * 5.2521086) - sqrt(x53))) - 2.8011136) - ((-0.9394639 * x61) - (x28 * -2.8809488)))))) * abs(-0.80706704))) + -2.5007417,0.0105153236711599,0.384367840739667*x11 + 0.312701135008059*x13 + 0.363950369098042*sqrt(x15) + 0.363950369098042*x17 + 3.35639652398272*sqrt(x18) - 0.80706704*x18 + 0.80706704*sqrt(x20) + 0.80706704*sqrt(x22) + 0.288550261601484*x23 + 2.83113088841211*x27**(1/4) + 1.5115981726544*sqrt(x27) - 0.745903336123303*x27 + 4.23880374156054*sqrt(x28) - 0.859285580191793*x28 - 0.10375088919312*x41 - 0.363950369098042*sqrt(x51) - 0.80706704*sqrt(x53) - 1.61413408*sqrt(x55) + 0.108206978094295*x55 - 0.80706704*sqrt(x57) - 1.61413408*sqrt(x59) - 4.23880374156054*sqrt(x61) + 1.11729342274092*x61 + 3.43173670156054*x64 + 0.381952967025261*(5.439051 - x48**(1/4))*(sqrt(x28) + sqrt(x3) - sqrt(x61) + 1.1880615) - 0.10375088919312*sqrt(x1 + x23)*(2.0277603*x28 + 0.708457839178644) - 0.381952967025261*sqrt(x50 + x56) - 3.64654131393102 - 0.196495130956695/(0.05017931 - x24),PySRFunction(X=>0.384367840739667*x11 + 0.312701135008059*x13 + 0.363950369098042*sqrt(x15) + 0.363950369098042*x17 + 3.35639652398272*sqrt(x18) - 0.80706704*x18 + 0.80706704*sqrt(x20) + 0.80706704*sqrt(x22) + 0.288550261601484*x23 + 2.83113088841211*x27**(1/4) + 1.5115981726544*sqrt(x27) - 0.745903336123303*x27 + 4.23880374156054*sqrt(x28) - 0.859285580191793*x28 - 0.10375088919312*x41 - 0.363950369098042*sqrt(x51) - 0.80706704*sqrt(x53) - 1.61413408*sqrt(x55) + 0.108206978094295*x55 - 0.80706704*sqrt(x57) - 1.61413408*sqrt(x59) - 4.23880374156054*sqrt(x61) + 1.11729342274092*x61 + 3.43173670156054*x64 + 0.381952967025261*(5.439051 - x48**(1/4))*(sqrt(x28) + sqrt(x3) - sqrt(x61) + 1.1880615) - 0.10375088919312*sqrt(x1 + x23)*(2.0277603*x28 + 0.708457839178644) - 0.381952967025261*sqrt(x50 + x56) - 3.64654131393102 - 0.196495130956695/(0.05017931 - x24))
172,12.024055,(sqrt(x18) + ((((sqrt(x27 * 3.5079508) + ((((((((sqrt(x20) + (sqrt(sqrt(x27)) * 3.5079253)) + (x13 * 0.25890073)) + ((((sqrt(x18 / 0.4871661) + x28) - sqrt(x55)) - (x11 * -0.47625268)) - (x64 - (((x13 - (x41 + ((x27 - ((x17 - (x23 * -0.7928286)) + (sqrt(x15) - sqrt(x51)))) * 3.5079253))) - (sqrt(x23 + x1) * (-2.0277603 * (-0.34937948 - x28)))) * 0.128553)))) - sqrt(x59)) + x28) - sqrt(x55)) - -1.3814055) - ((x27 - (((((sqrt(x28) + 1.1880615) - (sqrt(x61) - sqrt(x3))) * (5.439051 - sqrt(sqrt(x48)))) + ((-0.5641425 / (0.19832955 - (x24 + 0.14815024))) - ((x61 / -1.0636897) - (x28 * -2.501271)))) - sqrt(x56 + x50))) * 0.4865723))) + (sqrt(x18 / 0.45225975) - sqrt(x59))) + ((x28 - sqrt(x57)) - (x18 - (((sqrt(x22) + (((sqrt(x28) + (sqrt(x64) - (sqrt(x61) + (x55 * -0.025527716)))) * 5.2521086) - sqrt(x53))) - 2.8011136) - ((-0.9394639 * x61) - (x28 * -2.8809488)))))) * abs(-0.80706704))) + -2.5007417,0.001392154536476831,0.384367840739667*x11 + 0.312701135008059*x13 + 0.363950369098042*sqrt(x15) + 0.363950369098042*x17 + 3.35639652398272*sqrt(x18) - 0.80706704*x18 + 0.80706704*sqrt(x20) + 0.80706704*sqrt(x22) + 0.288550261601484*x23 + 2.83113088841211*x27**(1/4) + 1.5115981726544*sqrt(x27) - 0.756646835005034*x27 + 4.23880374156054*sqrt(x28) - 0.8861579823832*x28 - 0.10375088919312*x41 - 0.363950369098042*sqrt(x51) - 0.80706704*sqrt(x53) - 1.61413408*sqrt(x55) + 0.108206978094295*x55 - 0.80706704*sqrt(x57) - 1.61413408*sqrt(x59) - 4.23880374156054*sqrt(x61) + 1.12739364170678*x61 + 4.23880374156054*sqrt(x64) - 0.80706704*x64 + 0.392696465906992*(5.439051 - x48**(1/4))*(sqrt(x28) + sqrt(x3) - sqrt(x61) + 1.1880615) - 0.10375088919312*sqrt(x1 + x23)*(2.0277603*x28 + 0.708457839178644) - 0.392696465906992*sqrt(x50 + x56) - 3.64654131393102 - 0.221536766017935/(0.05017931 - x24),PySRFunction(X=>0.384367840739667*x11 + 0.312701135008059*x13 + 0.363950369098042*sqrt(x15) + 0.363950369098042*x17 + 3.35639652398272*sqrt(x18) - 0.80706704*x18 + 0.80706704*sqrt(x20) + 0.80706704*sqrt(x22) + 0.288550261601484*x23 + 2.83113088841211*x27**(1/4) + 1.5115981726544*sqrt(x27) - 0.756646835005034*x27 + 4.23880374156054*sqrt(x28) - 0.8861579823832*x28 - 0.10375088919312*x41 - 0.363950369098042*sqrt(x51) - 0.80706704*sqrt(x53) - 1.61413408*sqrt(x55) + 0.108206978094295*x55 - 0.80706704*sqrt(x57) - 1.61413408*sqrt(x59) - 4.23880374156054*sqrt(x61) + 1.12739364170678*x61 + 4.23880374156054*sqrt(x64) - 0.80706704*x64 + 0.392696465906992*(5.439051 - x48**(1/4))*(sqrt(x28) + sqrt(x3) - sqrt(x61) + 1.1880615) - 0.10375088919312*sqrt(x1 + x23)*(2.0277603*x28 + 0.708457839178644) - 0.392696465906992*sqrt(x50 + x56) - 3.64654131393102 - 0.221536766017935/(0.05017931 - x24))
173,12.021418,(sqrt(x18) + ((((sqrt(x27 * 3.5079508) + ((((((((sqrt(x20) + (sqrt(sqrt(x27)) * 3.5079253)) + (x13 * 0.25890073)) + ((((sqrt(x18 / 0.4871661) + x28) - sqrt(x55)) - (x11 * -0.47625268)) - (x64 - (((sqrt(0.9905144) - (x41 + ((x27 - ((x17 - (x23 * -0.7928286)) + (sqrt(x15) - sqrt(x51)))) * 3.5079253))) - (sqrt(x23 + x1) * (-2.0277603 * (-0.34937948 - x28)))) * 0.128553)))) - sqrt(x59)) + x28) - sqrt(x55)) - -1.3814055) - ((x27 - (((((sqrt(x28) + 1.1880615) - (sqrt(x61) - sqrt(x3))) * (5.439051 - sqrt(sqrt(x48)))) + ((-0.5641425 / (0.19832955 - (x24 + 0.14815024))) - ((x61 / -1.0636897) - (x28 * -2.501271)))) - sqrt(x56 + x50))) * 0.47326052))) + (sqrt(x18 / 0.45225975) - sqrt(x59))) + ((x28 - sqrt(x57)) - (x18 - (((sqrt(x22) + (((sqrt(x28) + (sqrt(x64) - (sqrt(x61) + (x55 * -0.025527716)))) * 5.2521086) - sqrt(x53))) - 2.8011136) - ((-0.9394639 * x61) - (x28 * -2.8809488)))))) * abs(-0.80706704))) + -2.5007417,0.00021933442611602345,0.384367840739667*x11 + 0.208950245814939*x13 + 0.363950369098042*sqrt(x15) + 0.363950369098042*x17 + 3.35639652398272*sqrt(x18) - 0.80706704*x18 + 0.80706704*sqrt(x20) + 0.80706704*sqrt(x22) + 0.288550261601484*x23 + 2.83113088841211*x27**(1/4) + 1.5115981726544*sqrt(x27) - 0.745903336123303*x27 + 4.23880374156054*sqrt(x28) - 0.859285580191793*x28 - 0.10375088919312*x41 - 0.363950369098042*sqrt(x51) - 0.80706704*sqrt(x53) - 1.61413408*sqrt(x55) + 0.108206978094295*x55 - 0.80706704*sqrt(x57) - 1.61413408*sqrt(x59) - 4.23880374156054*sqrt(x61) + 1.11729342274092*x61 + 4.23880374156054*sqrt(x64) - 0.80706704*x64 + 0.381952967025261*(5.439051 - x48**(1/4))*(sqrt(x28) + sqrt(x3) - sqrt(x61) + 1.1880615) - 0.10375088919312*sqrt(x1 + x23)*(2.0277603*x28 + 0.708457839178644) - 0.381952967025261*sqrt(x50 + x56) - 3.54328366691667 - 0.215475901700048/(0.05017931 - x24),PySRFunction(X=>0.384367840739667*x11 + 0.208950245814939*x13 + 0.363950369098042*sqrt(x15) + 0.363950369098042*x17 + 3.35639652398272*sqrt(x18) - 0.80706704*x18 + 0.80706704*sqrt(x20) + 0.80706704*sqrt(x22) + 0.288550261601484*x23 + 2.83113088841211*x27**(1/4) + 1.5115981726544*sqrt(x27) - 0.745903336123303*x27 + 4.23880374156054*sqrt(x28) - 0.859285580191793*x28 - 0.10375088919312*x41 - 0.363950369098042*sqrt(x51) - 0.80706704*sqrt(x53) - 1.61413408*sqrt(x55) + 0.108206978094295*x55 - 0.80706704*sqrt(x57) - 1.61413408*sqrt(x59) - 4.23880374156054*sqrt(x61) + 1.11729342274092*x61 + 4.23880374156054*sqrt(x64) - 0.80706704*x64 + 0.381952967025261*(5.439051 - x48**(1/4))*(sqrt(x28) + sqrt(x3) - sqrt(x61) + 1.1880615) - 0.10375088919312*sqrt(x1 + x23)*(2.0277603*x28 + 0.708457839178644) - 0.381952967025261*sqrt(x50 + x56) - 3.54328366691667 - 0.215475901700048/(0.05017931 - x24))
176,12.008216,(sqrt(x18) + ((((sqrt(x27 * 3.5079508) + (((((((sqrt(x20) + ((sqrt(sqrt(x27)) * 3.5079253) + (x13 * 0.25890073))) + ((((sqrt(x18 / 0.4871661) + x28) - sqrt(x55)) - (x11 * -0.47625268)) - (x64 - ((((sqrt(x61) - sqrt(x3)) - (x41 + ((x27 - (((x17 - (x23 * -0.7928286)) + sqrt(x15)) - sqrt(x51))) * 3.5079253))) - (sqrt(x23 + x1) * (-2.0277603 * (-0.34937948 - x28)))) * 0.128553)))) - sqrt(x59)) + x28) - sqrt(x55)) - -1.3814055) - ((x27 - ((((sqrt(x28) + (1.1880615 - (sqrt(x61) - sqrt(x3)))) * (5.439051 - sqrt(sqrt(x48)))) + ((-0.5641425 / (0.19832955 - (x24 + 0.14815024))) - ((x61 / -1.0636897) - (x28 * -2.501271)))) - sqrt(x56 + x50))) * 0.4865723))) + (sqrt(x18 / 0.45225975) - sqrt(x59))) + ((x28 - sqrt(x57)) - (x18 - (((sqrt(x22) + (((sqrt(x28) + (sqrt(x64) - (sqrt(x61) + (x55 * -0.025527716)))) * 5.2521086) - sqrt(x53))) - 2.8011136) - ((-0.9394639 * x61) - (x28 * -2.8809488)))))) * abs(-0.80706704))) + -2.5007417,0.0003662700072287019,0.384367840739667*x11 + 0.208950245814939*x13 + 0.363950369098042*sqrt(x15) + 0.363950369098042*x17 + 3.35639652398272*sqrt(x18) - 0.80706704*x18 + 0.80706704*sqrt(x20) + 0.80706704*sqrt(x22) + 0.288550261601484*x23 + 2.83113088841211*x27**(1/4) + 1.5115981726544*sqrt(x27) - 0.756646835005034*x27 + 4.23880374156054*sqrt(x28) - 0.8861579823832*x28 - 0.10375088919312*sqrt(x3) - 0.10375088919312*x41 - 0.363950369098042*sqrt(x51) - 0.80706704*sqrt(x53) - 1.61413408*sqrt(x55) + 0.108206978094295*x55 - 0.80706704*sqrt(x57) - 1.61413408*sqrt(x59) - 4.13505285236742*sqrt(x61) + 1.12739364170678*x61 + 4.23880374156054*sqrt(x64) - 0.80706704*x64 + 0.392696465906992*(5.439051 - x48**(1/4))*(sqrt(x28) + sqrt(x3) - sqrt(x61) + 1.1880615) - 0.10375088919312*sqrt(x1 + x23)*(2.0277603*x28 + 0.708457839178644) - 0.392696465906992*sqrt(x50 + x56) - 3.64654131393102 - 0.221536766017935/(0.05017931 - x24),PySRFunction(X=>0.384367840739667*x11 + 0.208950245814939*x13 + 0.363950369098042*sqrt(x15) + 0.363950369098042*x17 + 3.35639652398272*sqrt(x18) - 0.80706704*x18 + 0.80706704*sqrt(x20) + 0.80706704*sqrt(x22) + 0.288550261601484*x23 + 2.83113088841211*x27**(1/4) + 1.5115981726544*sqrt(x27) - 0.756646835005034*x27 + 4.23880374156054*sqrt(x28) - 0.8861579823832*x28 - 0.10375088919312*sqrt(x3) - 0.10375088919312*x41 - 0.363950369098042*sqrt(x51) - 0.80706704*sqrt(x53) - 1.61413408*sqrt(x55) + 0.108206978094295*x55 - 0.80706704*sqrt(x57) - 1.61413408*sqrt(x59) - 4.13505285236742*sqrt(x61) + 1.12739364170678*x61 + 4.23880374156054*sqrt(x64) - 0.80706704*x64 + 0.392696465906992*(5.439051 - x48**(1/4))*(sqrt(x28) + sqrt(x3) - sqrt(x61) + 1.1880615) - 0.10375088919312*sqrt(x1 + x23)*(2.0277603*x28 + 0.708457839178644) - 0.392696465906992*sqrt(x50 + x56) - 3.64654131393102 - 0.221536766017935/(0.05017931 - x24))
179,11.971306,(((((((sqrt(x18) + sqrt(x27 * 3.5079508)) + (((((sqrt(x20) + (((x28 - sqrt(x55)) - (x11 * -0.47625268)) + (((sqrt(sqrt(x27)) * 3.5079253) + (x13 * 0.25890073)) + sqrt(x18 / 0.4871661)))) - (x64 - (((x9 + (sqrt(x59) + (3.4424558 - (x41 + ((x27 - ((x17 - (x23 * -0.7928286)) + (sqrt(x15) - sqrt(x51)))) * 3.5079253))))) - ((sqrt(x23 + x1) * -2.0277603) * (-0.34937948 - x28))) * 0.128553))) - sqrt(x59)) + ((x28 - sqrt(x55)) - -1.3814055)) - ((x27 - (((((sqrt(x28) + 0.9507348) - (sqrt(x61) - sqrt(x3))) * (5.439051 - sqrt(sqrt(x48)))) + ((-0.5144485 / (0.19832955 - (x24 + 0.14815024))) - ((x61 * -1.0636897) - (x28 * -2.501271)))) - sqrt(x56 + x50))) * 0.47326052))) + (sqrt(x18 / 0.45225975) - sqrt(x59))) + ((x28 - sqrt(x57)) - (x18 - ((sqrt(x22) + (((((sqrt(x28) + x64) - (sqrt(x61) + (x55 * -0.025527716))) * 5.2521086) - sqrt(x53)) - 2.8011136)) - ((x61 * -0.9394639) - (x28 * -2.8809488)))))) * 0.80706704) + -2.5007417) - x70) + -0.014302346,0.0010261541535163418,0.384367840739667*x11 + 0.208950245814939*x13 + 0.363950369098042*sqrt(x15) + 0.363950369098042*x17 + 3.16346356398272*sqrt(x18) - 0.80706704*x18 + 0.80706704*sqrt(x20) + 0.80706704*sqrt(x22) + 0.288550261601484*x23 + 2.83113088841211*x27**(1/4) + 1.5115981726544*sqrt(x27) - 0.745903336123303*x27 + 4.23880374156054*sqrt(x28) - 0.859285580191793*x28 - 0.10375088919312*x41 - 0.363950369098042*sqrt(x51) - 0.80706704*sqrt(x53) - 1.61413408*sqrt(x55) + 0.108206978094295*x55 - 0.80706704*sqrt(x57) - 1.51038319080688*sqrt(x59) - 4.23880374156054*sqrt(x61) + 1.16448978586907*x61 + 3.43173670156054*x64 - x70 + 0.10375088919312*x9 + 0.381952967025261*(5.439051 - x48**(1/4))*(sqrt(x28) + sqrt(x3) - sqrt(x61) + 0.9507348) + 0.210381934195508*sqrt(x1 + x23)*(-x28 - 0.34937948) - 0.381952967025261*sqrt(x50 + x56) - 3.30368580967301 - 0.196495130956695/(0.05017931 - x24),PySRFunction(X=>0.384367840739667*x11 + 0.208950245814939*x13 + 0.363950369098042*sqrt(x15) + 0.363950369098042*x17 + 3.16346356398272*sqrt(x18) - 0.80706704*x18 + 0.80706704*sqrt(x20) + 0.80706704*sqrt(x22) + 0.288550261601484*x23 + 2.83113088841211*x27**(1/4) + 1.5115981726544*sqrt(x27) - 0.745903336123303*x27 + 4.23880374156054*sqrt(x28) - 0.859285580191793*x28 - 0.10375088919312*x41 - 0.363950369098042*sqrt(x51) - 0.80706704*sqrt(x53) - 1.61413408*sqrt(x55) + 0.108206978094295*x55 - 0.80706704*sqrt(x57) - 1.51038319080688*sqrt(x59) - 4.23880374156054*sqrt(x61) + 1.16448978586907*x61 + 3.43173670156054*x64 - x70 + 0.10375088919312*x9 + 0.381952967025261*(5.439051 - x48**(1/4))*(sqrt(x28) + sqrt(x3) - sqrt(x61) + 0.9507348) + 0.210381934195508*sqrt(x1 + x23)*(-x28 - 0.34937948) - 0.381952967025261*sqrt(x50 + x56) - 3.30368580967301 - 0.196495130956695/(0.05017931 - x24))
185,11.90337,((((((((((sqrt(x27 * 3.5079508) + sqrt(x18)) + (((((sqrt(x20) + (((x28 - sqrt(x55)) - (x11 * -0.47625268)) + (((x13 * 0.25890073) + (sqrt(sqrt(x27)) * 3.5079253)) + sqrt(x18 / 0.4871661)))) - (x64 - ((((sqrt(x9) + 1.4003779) + (3.4424558 - ((x41 - (x19 * (x65 + x64))) + ((x27 - ((x17 - (x23 * -0.7928286)) + (sqrt(x15) - sqrt(x51)))) * 3.5079253)))) - ((sqrt(x23 + x1) * -2.0277603) * (-0.34937948 - x28))) * 0.128553))) - sqrt(x59)) + (x28 - sqrt(x55))) - -1.3814055)) - ((x27 - (((sqrt(x28) + (0.9507348 - (sqrt(x61) - sqrt(x3)))) * (5.439051 - sqrt(sqrt(x48)))) + (((-0.5144485 / (0.19832955 - (x24 + 0.14815024))) - ((x61 * -1.0636897) - (x28 * -2.501271))) - sqrt(x56 + x50)))) * 0.47326052)) + sqrt(x18 / 0.45225975)) - sqrt(x59)) + x28) - sqrt(x57)) - (x18 - (sqrt(x22) + ((((((sqrt(x28) + x64) - (sqrt(x61) + (x55 * -0.025527716))) * 5.2521086) - sqrt(x53)) - 2.8011136) - ((x61 * -0.9394639) - (x28 * -2.8809488)))))) * 0.80706704) + (-2.5007417 - x70)) + -0.014302346,0.0009485110689461079,0.384367840739667*x11 + 0.208950245814939*x13 + 0.363950369098042*sqrt(x15) + 0.363950369098042*x17 + 3.16346356398272*sqrt(x18) - 0.80706704*x18 + 0.10375088919312*x19*(x64 + x65) + 0.80706704*sqrt(x20) + 0.80706704*sqrt(x22) + 0.288550261601484*x23 + 2.83113088841211*x27**(1/4) + 1.5115981726544*sqrt(x27) - 0.745903336123303*x27 + 4.23880374156054*sqrt(x28) - 0.859285580191793*x28 - 0.10375088919312*x41 - 0.363950369098042*sqrt(x51) - 0.80706704*sqrt(x53) - 1.61413408*sqrt(x55) + 0.108206978094295*x55 - 0.80706704*sqrt(x57) - 1.61413408*sqrt(x59) - 4.23880374156054*sqrt(x61) + 1.16448978586907*x61 + 3.43173670156054*x64 - x70 + 0.10375088919312*sqrt(x9) + 0.381952967025261*(5.439051 - x48**(1/4))*(sqrt(x28) + sqrt(x3) - sqrt(x61) + 0.9507348) + 0.210381934195508*sqrt(x1 + x23)*(-x28 - 0.34937948) - 0.381952967025261*sqrt(x50 + x56) - 3.15839535734162 - 0.196495130956695/(0.05017931 - x24),PySRFunction(X=>0.384367840739667*x11 + 0.208950245814939*x13 + 0.363950369098042*sqrt(x15) + 0.363950369098042*x17 + 3.16346356398272*sqrt(x18) - 0.80706704*x18 + 0.10375088919312*x19*(x64 + x65) + 0.80706704*sqrt(x20) + 0.80706704*sqrt(x22) + 0.288550261601484*x23 + 2.83113088841211*x27**(1/4) + 1.5115981726544*sqrt(x27) - 0.745903336123303*x27 + 4.23880374156054*sqrt(x28) - 0.859285580191793*x28 - 0.10375088919312*x41 - 0.363950369098042*sqrt(x51) - 0.80706704*sqrt(x53) - 1.61413408*sqrt(x55) + 0.108206978094295*x55 - 0.80706704*sqrt(x57) - 1.61413408*sqrt(x59) - 4.23880374156054*sqrt(x61) + 1.16448978586907*x61 + 3.43173670156054*x64 - x70 + 0.10375088919312*sqrt(x9) + 0.381952967025261*(5.439051 - x48**(1/4))*(sqrt(x28) + sqrt(x3) - sqrt(x61) + 0.9507348) + 0.210381934195508*sqrt(x1 + x23)*(-x28 - 0.34937948) - 0.381952967025261*sqrt(x50 + x56) - 3.15839535734162 - 0.196495130956695/(0.05017931 - x24))
195,11.862451,(((((((((((sqrt(x27 * 3.5079508) + sqrt(x18)) + (((((sqrt(x20) + ((((x28 - sqrt(x55)) - (x11 * -0.47625268)) + (((x13 * 0.14831139) + (sqrt(sqrt(x27)) * 3.5079253)) + sqrt(x18 / 0.4871661))) - (x64 - ((sqrt(x55) + ((x23 * -1.1149366) + (((x14 * -1.796746) - ((x41 - (x9 * (x65 + x64))) + ((x27 - ((x17 - (x23 * -1.1149366)) + (sqrt(x63 * x15) - sqrt(x51)))) * 3.5079253))) - ((sqrt(x23 + x1) * -2.0277603) * (-0.34937948 - x28))))) * 0.128553)))) - sqrt(x59)) + x28) - sqrt(x55)) - -1.3814055)) - ((x27 - (((sqrt(x28) + (0.9507348 - (sqrt(x61) - sqrt(x3)))) * (5.439051 - sqrt(sqrt(x48)))) + (((-0.5144485 / (0.19832955 - (x24 + 0.14815024))) - ((x61 * -1.0636897) - (x28 * -2.501271))) - sqrt(x50 + x56)))) * 0.47326052)) + ((sqrt(x18 / 0.45225975) - sqrt(x59)) + x28)) - sqrt(x57)) - (x18 - ((((sqrt(x22) + (((sqrt(x28) + x64) - (sqrt(x61) + (x55 * -0.025527716))) * 5.2521086)) - sqrt(x53)) - 2.28319) - ((x61 * -0.9394639) - (x28 * -2.8809488))))) * 0.7823522) + -2.5007417) - x70) * 1.0437974) - x70) - -0.10437375,0.0003443520039489064,0.388916126340414*x11 + 0.121113630879646*x13 - 0.18861986151466*x14 + 0.368257051519676*x17 + 3.20089732990044*sqrt(x18) - 0.81661719224428*x18 + 0.81661719224428*sqrt(x20) + 0.81661719224428*sqrt(x22) + 0.293538792835218*x23 + 2.86463210908867*x27**(1/4) + 1.52948515349434*sqrt(x27) - 0.754729728562144*x27 + 4.28896217829404*sqrt(x28) - 0.869453642701379*x28 - 0.104978589914579*x41 - 0.368257051519676*sqrt(x51) - 0.81661719224428*sqrt(x53) - 1.52825579457398*sqrt(x55) + 0.109487408422232*x55 - 0.81661719224428*sqrt(x57) - 1.63323438448856*sqrt(x59) - 4.28896217829404*sqrt(x61) + 1.17826937813436*x61 + 3.47234498604976*x64 - 2.0437974*x70 + 0.104978589914579*x9*(x64 + x65) + 0.368257051519676*sqrt(x15*x63) + 0.386472677042468*(5.439051 - x48**(1/4))*(sqrt(x28) + sqrt(x3) - sqrt(x61) + 0.9507348) + 0.212871416978764*sqrt(x1 + x23)*(-x28 - 0.34937948) - 0.386472677042468*sqrt(x50 + x56) - 3.24230666093099 - 0.198820288995482/(0.05017931 - x24),PySRFunction(X=>0.388916126340414*x11 + 0.121113630879646*x13 - 0.18861986151466*x14 + 0.368257051519676*x17 + 3.20089732990044*sqrt(x18) - 0.81661719224428*x18 + 0.81661719224428*sqrt(x20) + 0.81661719224428*sqrt(x22) + 0.293538792835218*x23 + 2.86463210908867*x27**(1/4) + 1.52948515349434*sqrt(x27) - 0.754729728562144*x27 + 4.28896217829404*sqrt(x28) - 0.869453642701379*x28 - 0.104978589914579*x41 - 0.368257051519676*sqrt(x51) - 0.81661719224428*sqrt(x53) - 1.52825579457398*sqrt(x55) + 0.109487408422232*x55 - 0.81661719224428*sqrt(x57) - 1.63323438448856*sqrt(x59) - 4.28896217829404*sqrt(x61) + 1.17826937813436*x61 + 3.47234498604976*x64 - 2.0437974*x70 + 0.104978589914579*x9*(x64 + x65) + 0.368257051519676*sqrt(x15*x63) + 0.386472677042468*(5.439051 - x48**(1/4))*(sqrt(x28) + sqrt(x3) - sqrt(x61) + 0.9507348) + 0.212871416978764*sqrt(x1 + x23)*(-x28 - 0.34937948) - 0.386472677042468*sqrt(x50 + x56) - 3.24230666093099 - 0.198820288995482/(0.05017931 - x24))
197,11.862279,(((((((((((((sqrt(x27 * 3.5079508) + sqrt(x18)) + (((((sqrt(x20) + (((x28 - sqrt(x55)) - (x11 * -0.47625268)) + (((x13 * 0.14831139) + (sqrt(sqrt(x27)) * 3.5079253)) + sqrt(x18 / 0.4871661)))) - (x64 - ((sqrt(x55) + ((x23 * -1.1149366) + (((x14 * -1.796746) - ((x41 - (x9 * (x65 + x64))) + ((x27 - ((x17 - (x23 * -1.1149366)) + (sqrt(x63 * x15) - sqrt(x51)))) * 3.5079253))) - ((sqrt(x23 + x1) * -2.0277603) * (-0.34937948 - x28))))) * 0.128553))) - sqrt(x59)) + (x28 - sqrt(x55))) - -1.3814055)) - ((x27 - (((sqrt(x28) + (0.9507348 - (sqrt(x61) - sqrt(x3)))) * (5.439051 - sqrt(sqrt(x48)))) + (((-0.5144485 / (0.19832955 - (x24 + 0.14815024))) - ((x61 * -1.0636897) - (x28 * -2.501271))) - sqrt(x50 + x56)))) * 0.47326052)) + (sqrt(x18 / 0.45225975) - sqrt(x59))) + x28) - sqrt(x57)) - (x18 - ((((sqrt(x22) + (((sqrt(x28) + x64) - (sqrt(x61) + (x55 * -0.025527716))) * 5.2521086)) - sqrt(x53)) - 2.28319) - ((x61 * -0.9394639) - (x28 * -2.8809488))))) * 0.7823522) + -2.5007417) + -0.014302346) - x69) * 1.0437974) - x70) - -0.10437375,7.249819070797343e-06,0.388916126340414*x11 + 0.121113630879646*x13 - 0.18861986151466*x14 + 0.368257051519676*x17 + 3.20089732990044*sqrt(x18) - 0.81661719224428*x18 + 0.81661719224428*sqrt(x20) + 0.81661719224428*sqrt(x22) + 0.293538792835218*x23 + 2.86463210908867*x27**(1/4) + 1.52948515349434*sqrt(x27) - 0.754729728562144*x27 + 4.28896217829404*sqrt(x28) - 0.869453642701379*x28 - 0.104978589914579*x41 - 0.368257051519676*sqrt(x51) - 0.81661719224428*sqrt(x53) - 1.52825579457398*sqrt(x55) + 0.109487408422232*x55 - 0.81661719224428*sqrt(x57) - 1.63323438448856*sqrt(x59) - 4.28896217829404*sqrt(x61) + 1.17826937813436*x61 + 3.47234498604976*x64 - 1.0437974*x69 - x70 + 0.104978589914579*x9*(x64 + x65) + 0.368257051519676*sqrt(x15*x63) + 0.386472677042468*(5.439051 - x48**(1/4))*(sqrt(x28) + sqrt(x3) - sqrt(x61) + 0.9507348) + 0.212871416978764*sqrt(x1 + x23)*(-x28 - 0.34937948) - 0.386472677042468*sqrt(x50 + x56) - 3.25723541249969 - 0.198820288995482/(0.05017931 - x24),PySRFunction(X=>0.388916126340414*x11 + 0.121113630879646*x13 - 0.18861986151466*x14 + 0.368257051519676*x17 + 3.20089732990044*sqrt(x18) - 0.81661719224428*x18 + 0.81661719224428*sqrt(x20) + 0.81661719224428*sqrt(x22) + 0.293538792835218*x23 + 2.86463210908867*x27**(1/4) + 1.52948515349434*sqrt(x27) - 0.754729728562144*x27 + 4.28896217829404*sqrt(x28) - 0.869453642701379*x28 - 0.104978589914579*x41 - 0.368257051519676*sqrt(x51) - 0.81661719224428*sqrt(x53) - 1.52825579457398*sqrt(x55) + 0.109487408422232*x55 - 0.81661719224428*sqrt(x57) - 1.63323438448856*sqrt(x59) - 4.28896217829404*sqrt(x61) + 1.17826937813436*x61 + 3.47234498604976*x64 - 1.0437974*x69 - x70 + 0.104978589914579*x9*(x64 + x65) + 0.368257051519676*sqrt(x15*x63) + 0.386472677042468*(5.439051 - x48**(1/4))*(sqrt(x28) + sqrt(x3) - sqrt(x61) + 0.9507348) + 0.212871416978764*sqrt(x1 + x23)*(-x28 - 0.34937948) - 0.386472677042468*sqrt(x50 + x56) - 3.25723541249969 - 0.198820288995482/(0.05017931 - x24))
199,11.860307,((((((((((((((sqrt(x27 * 3.5079508) + sqrt(x18)) + (((((sqrt(x20) + (((x28 - sqrt(x55)) - (x11 * -0.47625268)) + (((x13 * 0.14831139) + (sqrt(sqrt(x27)) * 3.5079253)) + sqrt(x18 / 0.4871661)))) - (x64 - ((sqrt(x55) + ((x23 * -1.1149366) + (((x14 * -1.796746) - ((x41 - (x9 * (x65 + x64))) + ((x27 - ((x17 - (x23 * -1.1149366)) + (sqrt(x63 * x15) - sqrt(x51)))) * 3.5079253))) - ((sqrt(x23 + x1) * -2.0277603) * (-0.34937948 - x28))))) * 0.128553))) - sqrt(x59)) + (x28 - sqrt(x55))) - -1.3814055)) - ((x27 - (((sqrt(x28) + (0.9507348 - (sqrt(x61) - sqrt(x3)))) * (5.439051 - sqrt(sqrt(x48)))) + (((-0.5144485 / (0.19832955 - (x24 + 0.14815024))) - ((x61 * -1.0636897) - (x28 * -2.501271))) - sqrt(x50 + x56)))) * 0.47326052)) + (sqrt(x18 / 0.45225975) - sqrt(x59))) + x28) - sqrt(x57)) - (x18 - ((((sqrt(x22) + (((sqrt(x28) + x64) - (sqrt(x61) + (x55 * -0.025527716))) * 5.2521086)) - sqrt(x53)) - 2.28319) - ((x61 * -0.9394639) - (x28 * -2.8809488))))) * 0.7823522) + -2.5007417) - x70) + -0.014302346) - x69) * 1.0437974) - x70) - -0.10437375,8.312753106007872e-05,0.388916126340414*x11 + 0.121113630879646*x13 - 0.18861986151466*x14 + 0.368257051519676*x17 + 3.20089732990044*sqrt(x18) - 0.81661719224428*x18 + 0.81661719224428*sqrt(x20) + 0.81661719224428*sqrt(x22) + 0.293538792835218*x23 + 2.86463210908867*x27**(1/4) + 1.52948515349434*sqrt(x27) - 0.754729728562144*x27 + 4.28896217829404*sqrt(x28) - 0.869453642701379*x28 - 0.104978589914579*x41 - 0.368257051519676*sqrt(x51) - 0.81661719224428*sqrt(x53) - 1.52825579457398*sqrt(x55) + 0.109487408422232*x55 - 0.81661719224428*sqrt(x57) - 1.63323438448856*sqrt(x59) - 4.28896217829404*sqrt(x61) + 1.17826937813436*x61 + 3.47234498604976*x64 - 1.0437974*x69 - 2.0437974*x70 + 0.104978589914579*x9*(x64 + x65) + 0.368257051519676*sqrt(x15*x63) + 0.386472677042468*(5.439051 - x48**(1/4))*(sqrt(x28) + sqrt(x3) - sqrt(x61) + 0.9507348) + 0.212871416978764*sqrt(x1 + x23)*(-x28 - 0.34937948) - 0.386472677042468*sqrt(x50 + x56) - 3.25723541249969 - 0.198820288995482/(0.05017931 - x24),PySRFunction(X=>0.388916126340414*x11 + 0.121113630879646*x13 - 0.18861986151466*x14 + 0.368257051519676*x17 + 3.20089732990044*sqrt(x18) - 0.81661719224428*x18 + 0.81661719224428*sqrt(x20) + 0.81661719224428*sqrt(x22) + 0.293538792835218*x23 + 2.86463210908867*x27**(1/4) + 1.52948515349434*sqrt(x27) - 0.754729728562144*x27 + 4.28896217829404*sqrt(x28) - 0.869453642701379*x28 - 0.104978589914579*x41 - 0.368257051519676*sqrt(x51) - 0.81661719224428*sqrt(x53) - 1.52825579457398*sqrt(x55) + 0.109487408422232*x55 - 0.81661719224428*sqrt(x57) - 1.63323438448856*sqrt(x59) - 4.28896217829404*sqrt(x61) + 1.17826937813436*x61 + 3.47234498604976*x64 - 1.0437974*x69 - 2.0437974*x70 + 0.104978589914579*x9*(x64 + x65) + 0.368257051519676*sqrt(x15*x63) + 0.386472677042468*(5.439051 - x48**(1/4))*(sqrt(x28) + sqrt(x3) - sqrt(x61) + 0.9507348) + 0.212871416978764*sqrt(x1 + x23)*(-x28 - 0.34937948) - 0.386472677042468*sqrt(x50 + x56) - 3.25723541249969 - 0.198820288995482/(0.05017931 - x24))
204,11.85588,((((((((((sqrt(x27 * 3.5079508) + ((sqrt(x18) + (((((sqrt(x20) + (((x28 - sqrt(x55)) - (x11 * -0.47625268)) + ((((x13 * 0.14831139) + (sqrt(sqrt(x27)) * 3.5079253)) + sqrt(x18 / 0.4871661)) - (x64 - (0.128553 * (x55 + ((x23 * -1.1149366) + (((x14 * -1.796746) - ((x41 - (x65 + (x64 * x28))) + ((x27 - ((x17 - (x23 * -1.1149366)) + (sqrt(x63 * x15) - sqrt(x51)))) * 3.5079253))) - ((sqrt(x23 + x1) * -2.0277603) * (-0.34937948 - x28)))))))))) - sqrt(x59)) + ((x28 - sqrt(x55)) - -1.3814055)) - ((x27 - (((sqrt(x28) + (0.9507348 - (sqrt(x61) - sqrt(x3)))) * (5.439051 - sqrt(sqrt(x48)))) + (((-0.5144485 / (0.19832955 - (x24 + 0.14815024))) - ((-1.0636897 * x61) - (x28 * -2.501271))) - sqrt(x50 + x56)))) * 0.47326052)) + (x28 + (sqrt(x18 / 0.45225975) - sqrt(x59))))) - sqrt(x57))) - (x18 - (((sqrt(x22) + ((((sqrt(x28) + x64) - (sqrt(x61) + (x55 * -0.025527716))) * 5.2521086) - sqrt(x53))) - 2.28319) - ((x61 * -0.9394639) - (x28 * -2.8809488))))) * 0.7823522) + -2.5007417) - x70) + x69) + (0.005547789 * x54)) - x69) * 1.0437974) - (x70 - -0.10437375)) - x70,7.466630367550548e-05,0.388916126340414*x11 + 0.121113630879646*x13 - 0.18861986151466*x14 + 0.368257051519676*x17 + 3.20089732990044*sqrt(x18) - 0.81661719224428*x18 + 0.81661719224428*sqrt(x20) + 0.81661719224428*sqrt(x22) + 0.293538792835218*x23 + 2.86463210908867*x27**(1/4) + 1.52948515349434*sqrt(x27) - 0.754729728562144*x27 + 4.28896217829404*sqrt(x28) + 0.104978589914579*x28*x64 - 0.869453642701379*x28 - 0.104978589914579*x41 - 0.368257051519676*sqrt(x51) - 0.81661719224428*sqrt(x53) + 0.0057907677339486*x54 - 1.63323438448856*sqrt(x55) + 0.21446599833681*x55 - 0.81661719224428*sqrt(x57) - 1.63323438448856*sqrt(x59) - 4.28896217829404*sqrt(x61) + 1.17826937813436*x61 + 3.47234498604976*x64 + 0.104978589914579*x65 - 3.0437974*x70 + 0.368257051519676*sqrt(x15*x63) + 0.386472677042468*(5.439051 - x48**(1/4))*(sqrt(x28) + sqrt(x3) - sqrt(x61) + 0.9507348) + 0.212871416978764*sqrt(x1 + x23)*(-x28 - 0.34937948) - 0.386472677042468*sqrt(x50 + x56) - 3.45105416093099 - 0.198820288995482/(0.05017931 - x24),PySRFunction(X=>0.388916126340414*x11 + 0.121113630879646*x13 - 0.18861986151466*x14 + 0.368257051519676*x17 + 3.20089732990044*sqrt(x18) - 0.81661719224428*x18 + 0.81661719224428*sqrt(x20) + 0.81661719224428*sqrt(x22) + 0.293538792835218*x23 + 2.86463210908867*x27**(1/4) + 1.52948515349434*sqrt(x27) - 0.754729728562144*x27 + 4.28896217829404*sqrt(x28) + 0.104978589914579*x28*x64 - 0.869453642701379*x28 - 0.104978589914579*x41 - 0.368257051519676*sqrt(x51) - 0.81661719224428*sqrt(x53) + 0.0057907677339486*x54 - 1.63323438448856*sqrt(x55) + 0.21446599833681*x55 - 0.81661719224428*sqrt(x57) - 1.63323438448856*sqrt(x59) - 4.28896217829404*sqrt(x61) + 1.17826937813436*x61 + 3.47234498604976*x64 + 0.104978589914579*x65 - 3.0437974*x70 + 0.368257051519676*sqrt(x15*x63) + 0.386472677042468*(5.439051 - x48**(1/4))*(sqrt(x28) + sqrt(x3) - sqrt(x61) + 0.9507348) + 0.212871416978764*sqrt(x1 + x23)*(-x28 - 0.34937948) - 0.386472677042468*sqrt(x50 + x56) - 3.45105416093099 - 0.198820288995482/(0.05017931 - x24))
207,11.80008,((((((((((((sqrt(x27 * 3.5079508) + sqrt(x18)) + ((((((sqrt(x20) + ((((x28 - sqrt(x55)) - (x11 * -0.47625268)) + (((x13 * 0.14831139) + (sqrt(sqrt(x27)) * 3.5079253)) + sqrt(x18 / 0.4871661))) - (x64 - (((sqrt(x55) + (x23 * -1.1149366)) + (((x14 * -1.796746) - ((x41 - (x28 * (x65 + x64))) + ((x27 - ((x17 - (x23 * -1.1149366)) + (sqrt(x63 * x15) - sqrt(x51)))) * 3.5079253))) - ((sqrt(x23 + x1) * -2.0277603) * (-0.34937948 - x28)))) * 0.128553)))) - sqrt(x59)) + (x28 - sqrt(x55))) - -1.3814055) - ((x27 - (((sqrt(x28) + (0.9507348 - (sqrt(x61) - sqrt(x3)))) * (5.439051 - sqrt(sqrt(x48)))) + (((-0.5144485 / (0.19832955 - (x24 + 0.14815024))) - ((x61 * -1.0636897) - (x28 * -2.501271))) - sqrt(x50 + x56)))) * 0.5269545)) + (x28 + (sqrt(x18 / 0.45225975) - sqrt(x59))))) - sqrt(x57)) - (x18 - (((sqrt(x22) + ((((sqrt(x28) + x64) - (sqrt(x61) + (x55 * -0.025527716))) * 5.2521086) - sqrt(x53))) - 2.28319) - ((x61 * -0.9394639) - (x28 * -2.8809488))))) * 0.7823522) + -2.5007417) - x70) + -0.014302346) + ((x54 * 0.005547789) - x69)) * 1.0437974) - (x70 - -0.10437375)) - x70) + -0.026438504,0.0015725453117882559,0.388916126340414*x11 + 0.121113630879646*x13 - 0.18861986151466*x14 + 0.368257051519676*x17 + 3.20089732990044*sqrt(x18) - 0.81661719224428*x18 + 0.81661719224428*sqrt(x20) + 0.81661719224428*sqrt(x22) + 0.293538792835218*x23 + 2.86463210908867*x27**(1/4) + 1.52948515349434*sqrt(x27) - 0.798577155750165*x27 + 4.28896217829404*sqrt(x28) + 0.104978589914579*x28*(x64 + x65) - 0.979127940751386*x28 - 0.104978589914579*x41 - 0.368257051519676*sqrt(x51) - 0.81661719224428*sqrt(x53) + 0.0057907677339486*x54 - 1.52825579457398*sqrt(x55) + 0.109487408422232*x55 - 0.81661719224428*sqrt(x57) - 1.63323438448856*sqrt(x59) - 4.28896217829404*sqrt(x61) + 1.22490943480576*x61 + 3.47234498604976*x64 - 1.0437974*x69 - 3.0437974*x70 + 0.368257051519676*sqrt(x15*x63) + 0.430320104230488*(5.439051 - x48**(1/4))*(sqrt(x28) + sqrt(x3) - sqrt(x61) + 0.9507348) + 0.212871416978764*sqrt(x1 + x23)*(-x28 - 0.34937948) - 0.430320104230488*sqrt(x50 + x56) - 3.49242141649969 - 0.221377532141218/(0.05017931 - x24),PySRFunction(X=>0.388916126340414*x11 + 0.121113630879646*x13 - 0.18861986151466*x14 + 0.368257051519676*x17 + 3.20089732990044*sqrt(x18) - 0.81661719224428*x18 + 0.81661719224428*sqrt(x20) + 0.81661719224428*sqrt(x22) + 0.293538792835218*x23 + 2.86463210908867*x27**(1/4) + 1.52948515349434*sqrt(x27) - 0.798577155750165*x27 + 4.28896217829404*sqrt(x28) + 0.104978589914579*x28*(x64 + x65) - 0.979127940751386*x28 - 0.104978589914579*x41 - 0.368257051519676*sqrt(x51) - 0.81661719224428*sqrt(x53) + 0.0057907677339486*x54 - 1.52825579457398*sqrt(x55) + 0.109487408422232*x55 - 0.81661719224428*sqrt(x57) - 1.63323438448856*sqrt(x59) - 4.28896217829404*sqrt(x61) + 1.22490943480576*x61 + 3.47234498604976*x64 - 1.0437974*x69 - 3.0437974*x70 + 0.368257051519676*sqrt(x15*x63) + 0.430320104230488*(5.439051 - x48**(1/4))*(sqrt(x28) + sqrt(x3) - sqrt(x61) + 0.9507348) + 0.212871416978764*sqrt(x1 + x23)*(-x28 - 0.34937948) - 0.430320104230488*sqrt(x50 + x56) - 3.49242141649969 - 0.221377532141218/(0.05017931 - x24))
213,11.797144,((((((((((((sqrt(x27 * 3.5079508) + sqrt(x18)) + ((((((sqrt(x20) + ((((x28 - sqrt(x55)) - (x11 * -0.47625268)) + (((x13 * 0.14831139) + (sqrt(sqrt(x27)) * 3.5079253)) + sqrt(x18 / 0.4871661))) - (x64 - (0.128553 * ((sqrt(x55) + (x23 * -1.1149366)) + (((x14 * -1.796746) - ((x41 - (x28 * (x65 + x64))) + ((x27 - ((x17 - (x23 * -1.1149366)) + (sqrt(x63 * x15) - sqrt(x51)))) * 3.5079253))) - ((sqrt(x23 + x1) * -2.0277603) * (-0.34937948 - x28)))))))) - sqrt(x59)) + (x28 - sqrt(x55))) - -1.3814055) - ((x27 - (((sqrt(x28) + (0.9507348 - (sqrt(x61) - sqrt(x3)))) * (5.439051 - sqrt(sqrt(x48)))) + (((-0.5144485 / (0.19832955 - (x24 + 0.14815024))) - ((-1.0636897 * x61) - (x28 * -2.501271))) - sqrt(x50 + x56)))) * (-0.88536555 / -1.6801558))) + ((x28 + sqrt(x18 / 0.45225975)) - sqrt(x59)))) - sqrt(x57)) - (x18 - (((sqrt(x22) + ((((sqrt(x28) + x64) - (sqrt(x61) + (x55 * -0.025527716))) * 5.2521086) - sqrt(x53))) - 2.28319) - ((x61 * -0.9394639) - (x28 * -2.8809488))))) * 0.7823522) + -2.5007417) - x70) + -0.014302346) - x69) + ((0.005547789 * x54) - x69)) * 1.0437974) - (x70 - -0.10437375)) - ((x70 + 0.1703858) + -0.1968243),4.147380521186091e-05,0.388916126340414*x11 + 0.121113630879646*x13 - 0.18861986151466*x14 + 0.368257051519676*x17 + 3.20089732990044*sqrt(x18) - 0.81661719224428*x18 + 0.81661719224428*sqrt(x20) + 0.81661719224428*sqrt(x22) + 0.293538792835218*x23 + 2.86463210908867*x27**(1/4) + 1.52948515349434*sqrt(x27) - 0.798577102523763*x27 + 4.28896217829404*sqrt(x28) + 0.104978589914579*x28*(x64 + x65) - 0.979127807617732*x28 - 0.104978589914579*x41 - 0.368257051519676*sqrt(x51) - 0.81661719224428*sqrt(x53) + 0.0057907677339486*x54 - 1.52825579457398*sqrt(x55) + 0.109487408422232*x55 - 0.81661719224428*sqrt(x57) - 1.63323438448856*sqrt(x59) - 4.28896217829404*sqrt(x61) + 1.22490937818938*x61 + 3.47234498604976*x64 - 2.0875948*x69 - 3.0437974*x70 + 0.368257051519676*sqrt(x15*x63) + 0.430320051004087*(5.439051 - x48**(1/4))*(sqrt(x28) + sqrt(x3) - sqrt(x61) + 0.9507348) + 0.212871416978764*sqrt(x1 + x23)*(-x28 - 0.34937948) - 0.430320051004087*sqrt(x50 + x56) - 3.43954441249969 - 0.221377504758976/(0.05017931 - x24),PySRFunction(X=>0.388916126340414*x11 + 0.121113630879646*x13 - 0.18861986151466*x14 + 0.368257051519676*x17 + 3.20089732990044*sqrt(x18) - 0.81661719224428*x18 + 0.81661719224428*sqrt(x20) + 0.81661719224428*sqrt(x22) + 0.293538792835218*x23 + 2.86463210908867*x27**(1/4) + 1.52948515349434*sqrt(x27) - 0.798577102523763*x27 + 4.28896217829404*sqrt(x28) + 0.104978589914579*x28*(x64 + x65) - 0.979127807617732*x28 - 0.104978589914579*x41 - 0.368257051519676*sqrt(x51) - 0.81661719224428*sqrt(x53) + 0.0057907677339486*x54 - 1.52825579457398*sqrt(x55) + 0.109487408422232*x55 - 0.81661719224428*sqrt(x57) - 1.63323438448856*sqrt(x59) - 4.28896217829404*sqrt(x61) + 1.22490937818938*x61 + 3.47234498604976*x64 - 2.0875948*x69 - 3.0437974*x70 + 0.368257051519676*sqrt(x15*x63) + 0.430320051004087*(5.439051 - x48**(1/4))*(sqrt(x28) + sqrt(x3) - sqrt(x61) + 0.9507348) + 0.212871416978764*sqrt(x1 + x23)*(-x28 - 0.34937948) - 0.430320051004087*sqrt(x50 + x56) - 3.43954441249969 - 0.221377504758976/(0.05017931 - x24))
